05,Antioquia,05001,Medellín,2020,Total,2519592,2228,52,338,68,63549,2453357
5,Antioquia,5001,Medellín,2021,Cabecera Municipal,2506656,2216,52,341,68,64053,2439926
5,Antioquia,5001,Medellín,2021,Centros Poblados y Rural Disperso,42352,39,0,1,1,261,42050
5,Antioquia,5001,Medellín,2021,Total,2549008,2255,52,342,69,64314,2481976
5,Antioquia,5001,Medellín,2022,Cabecera Municipal,2530398,2237,53,344,68,64660,2463036
5,Antioquia,5001,Medellín,2022,Centros Poblados y Rural Disperso,41952,39,0,1,1,259,41652
5,Antioquia,5001,Medellín,2022,Total,2572350,2276,53,345,69,64919,2504688
5,Antioquia,5001,Medellín,2023,Cabecera Municipal,2553621,2257,53,347,69,65253,2485642
5,Antioquia,5001,Medellín,2023,Centros Poblados y Rural Disperso,41679,38,0,1,1,257,41382
5,Antioquia,5001,Medellín,2023,Total,2595300,2295,53,348,70,65510,2527024
5,Antioquia,5001,Medellín,2024,Cabecera Municipal,2574994,2276,54,350,69,65799,2506446
5,Antioquia,5001,Medellín,2024,Centros Poblados y Rural Disperso,41341,38,0,1,1,255,41046
5,Antioquia,5001,Medellín,2024,Total,2616335,2314,54,351,70,66054,2547492
5,Antioquia,5001,Medellín,2025,Cabecera Municipal,2593542,2293,54,353,70,66273,2524499
5,Antioquia,5001,Medellín,2025,Centros Poblados y Rural Disperso,41028,38,0,1,1,253,40735
5,Antioquia,5001,Medellín,2025,Total,2634570,2331,54,354,71,66526,2565234
5,Antioquia,5001,Medellín,2026,Cabecera Municipal,2609841,2307,54,355,70,66690,2540365
5,Antioquia,5001,Medellín,2026,Centros Poblados y Rural Disperso,40821,37,0,1,1,252,40530
5,Antioquia,5001,Medellín,2026,Total,2650662,2344,54,356,71,66942,2580895
5,Antioquia,5001,Medellín,2027,Cabecera Municipal,2624783,2320,55,357,71,67071,2554909
5,Antioquia,5001,Medellín,2027,Centros Poblados y Rural Disperso,40691,37,0,1,1,251,40401
5,Antioquia,5001,Medellín,2027,Total,2665474,2357,55,358,72,67322,2595310
5,Antioquia,5001,Medellín,2028,Cabecera Municipal,2638734,2333,55,359,71,67428,2568488
5,Antioquia,5001,Medellín,2028,Centros Poblados y Rural Disperso,40642,37,0,1,1,251,40352
5,Antioquia,5001,Medellín,2028,Total,2679376,2370,55,360,72,67679,2608840
5,Antioquia,5001,Medellín,2029,Cabecera Municipal,2651875,2344,55,361,71,67764,2581280
5,Antioquia,5001,Medellín,2029,Centros Poblados y Rural Disperso,40725,37,0,1,1,251,40435
5,Antioquia,5001,Medellín,2029,Total,2692600,2381,55,362,72,68015,2621715
5,Antioquia,5001,Medellín,2030,Cabecera Municipal,2664474,2355,56,362,72,68086,2593543
5,Antioquia,5001,Medellín,2030,Centros Poblados y Rural Disperso,40908,38,0,1,1,252,40616
5,Antioquia,5001,Medellín,2030,Total,2705382,2393,56,363,73,68338,2634159
5,Antioquia,5001,Medellín,2031,Cabecera Municipal,2676581,2366,56,364,72,68395,2605328
5,Antioquia,5001,Medellín,2031,Centros Poblados y Rural Disperso,41139,38,0,1,1,254,40845
5,Antioquia,5001,Medellín,2031,Total,2717720,2404,56,365,73,68649,2646173
5,Antioquia,5001,Medellín,2032,Cabecera Municipal,2688112,2376,56,366,72,68690,2616552
5,Antioquia,5001,Medellín,2032,Centros Poblados y Rural Disperso,41392,38,0,1,1,255,41097
5,Antioquia,5001,Medellín,2032,Total,2729504,2414,56,367,73,68945,2657649
5,Antioquia,5001,Medellín,2033,Cabecera Municipal,2698987,2386,56,367,73,68968,2627137
5,Antioquia,5001,Medellín,2033,Centros Poblados y Rural Disperso,41626,38,0,1,1,257,41329
5,Antioquia,5001,Medellín,2033,Total,2740613,2424,56,368,74,69225,2668466
5,Antioquia,5001,Medellín,2034,Cabecera Municipal,2709188,2395,56,368,73,69228,2637068
5,Antioquia,5001,Medellín,2034,Centros Poblados y Rural Disperso,41864,38,0,1,1,258,41566
5,Antioquia,5001,Medellín,2034,Total,2751052,2433,56,369,74,69486,2678634
5,Antioquia,5001,Medellín,2035,Cabecera Municipal,2718758,2403,57,370,73,69473,2646382
5,Antioquia,5001,Medellín,2035,Centros Poblados y Rural Disperso,42096,39,0,1,1,260,41795
5,Antioquia,5001,Medellín,2035,Total,2760854,2442,57,371,74,69733,2688177
5,Antioquia,5002,Abejorral,2018,Cabecera Municipal,7674,2,0,0,0,61,7611
5,Antioquia,5002,Abejorral,2018,Centros Poblados y Rural Disperso,12693,0,0,0,0,8,12685
5,Antioquia,5002,Abejorral,2018,Total,20367,2,0,0,0,69,20296
5,Antioquia,5002,Abejorral,2019,Cabecera Municipal,7925,2,0,0,0,63,7860
5,Antioquia,5002,Abejorral,2019,Centros Poblados y Rural Disperso,12702,0,0,0,0,8,12694
5,Antioquia,5002,Abejorral,2019,Total,20627,2,0,0,0,71,20554
5,Antioquia,5002,Abejorral,2020,Cabecera Municipal,8119,2,0,0,0,65,8052
5,Antioquia,5002,Abejorral,2020,Centros Poblados y Rural Disperso,12704,0,0,0,0,8,12696
5,Antioquia,5002,Abejorral,2020,Total,20823,2,0,0,0,73,20748
5,Antioquia,5002,Abejorral,2021,Cabecera Municipal,8499,2,0,0,0,68,8429
5,Antioquia,5002,Abejorral,2021,Centros Poblados y Rural Disperso,12425,0,0,0,0,8,12417
5,Antioquia,5002,Abejorral,2021,Total,20924,2,0,0,0,76,20846
5,Antioquia,5002,Abejorral,2022,Cabecera Municipal,8799,3,0,0,0,70,8726
5,Antioquia,5002,Abejorral,2022,Centros Poblados y Rural Disperso,12310,0,0,0,0,8,12302
5,Antioquia,5002,Abejorral,2022,Total,21109,3,0,0,0,78,21028
5,Antioquia,5002,Abejorral,2023,Cabecera Municipal,9072,3,0,0,0,73,8996
5,Antioquia,5002,Abejorral,2023,Centros Poblados y Rural Disperso,12225,0,0,0,0,8,12217
5,Antioquia,5002,Abejorral,2023,Total,21297,3,0,0,0,81,21213
5,Antioquia,5002,Abejorral,2024,Cabecera Municipal,9248,3,0,0,0,74,9171
5,Antioquia,5002,Abejorral,2024,Centros Poblados y Rural Disperso,12220,0,0,0,0,8,12212
5,Antioquia,5002,Abejorral,2024,Total,21468,3,0,0,0,82,21383
5,Antioquia,5002,Abejorral,2025,Cabecera Municipal,9369,3,0,0,0,75,9291
5,Antioquia,5002,Abejorral,2025,Centros Poblados y Rural Disperso,12253,0,0,0,0,8,12245
5,Antioquia,5002,Abejorral,2025,Total,21622,3,0,0,0,83,21536
5,Antioquia,5002,Abejorral,2026,Cabecera Municipal,9499,3,0,0,0,76,9420
5,Antioquia,5002,Abejorral,2026,Centros Poblados y Rural Disperso,12252,0,0,0,0,8,12244
5,Antioquia,5002,Abejorral,2026,Total,21751,3,0,0,0,84,21664
5,Antioquia,5002,Abejorral,2027,Cabecera Municipal,9603,3,0,0,0,77,9523
5,Antioquia,5002,Abejorral,2027,Centros Poblados y Rural Disperso,12274,0,0,0,0,8,12266
5,Antioquia,5002,Abejorral,2027,Total,21877,3,0,0,0,85,21789
5,Antioquia,5002,Abejorral,2028,Cabecera Municipal,9679,3,0,0,0,77,9599
5,Antioquia,5002,Abejorral,2028,Centros Poblados y Rural Disperso,12296,0,0,0,0,8,12288
5,Antioquia,5002,Abejorral,2028,Total,21975,3,0,0,0,85,21887
5,Antioquia,5002,Abejorral,2029,Cabecera Municipal,9743,3,0,0,0,78,9662
5,Antioquia,5002,Abejorral,2029,Centros Poblados y Rural Disperso,12351,0,0,0,0,8,12343
5,Antioquia,5002,Abejorral,2029,Total,22094,3,0,0,0,86,22005
5,Antioquia,5002,Abejorral,2030,Cabecera Municipal,9798,3,0,0,0,78,9717
5,Antioquia,5002,Abejorral,2030,Centros Poblados y Rural Disperso,12404,0,0,0,0,8,12396
5,Antioquia,5002,Abejorral,2030,Total,22202,3,0,0,0,86,22113
5,Antioquia,5002,Abejorral,2031,Cabecera Municipal,9834,3,0,0,0,79,9752
5,Antioquia,5002,Abejorral,2031,Centros Poblados y Rural Disperso,12461,0,0,0,0,8,12453
5,Antioquia,5002,Abejorral,2031,Total,22295,3,0,0,0,87,22205
5,Antioquia,5002,Abejorral,2032,Cabecera Municipal,9880,3,0,0,0,79,9798
5,Antioquia,5002,Abejorral,2032,Centros Poblados y Rural Disperso,12522,0,0,0,0,8,12514
5,Antioquia,5002,Abejorral,2032,Total,22402,3,0,0,0,87,22312
5,Antioquia,5002,Abejorral,2033,Cabecera Municipal,9905,3,0,0,0,79,9823
5,Antioquia,5002,Abejorral,2033,Centros Poblados y Rural Disperso,12586,0,0,0,0,8,12578
5,Antioquia,5002,Abejorral,2033,Total,22491,3,0,0,0,87,22401
5,Antioquia,5002,Abejorral,2034,Cabecera Municipal,9925,3,0,0,0,79,9843
5,Antioquia,5002,Abejorral,2034,Centros Poblados y Rural Disperso,12659,0,0,0,0,8,12651
5,Antioquia,5002,Abejorral,2034,Total,22584,3,0,0,0,87,22494
5,Antioquia,5002,Abejorral,2035,Cabecera Municipal,9960,3,0,0,0,80,9877
5,Antioquia,5002,Abejorral,2035,Centros Poblados y Rural Disperso,12705,0,0,0,0,8,12697
5,Antioquia,5002,Abejorral,2035,Total,22665,3,0,0,0,88,22574
5,Antioquia,5004,Abriaquí,2018,Cabecera Municipal,824,0,1,0,0,27,796
5,Antioquia,5004,Abriaquí,2018,Centros Poblados y Rural Disperso,1871,0,0,0,0,26,1845
5,Antioquia,5004,Abriaquí,2018,Total,2695,0,1,0,0,53,2641
5,Antioquia,5004,Abriaquí,2019,Cabecera Municipal,837,0,1,0,0,28,808
5,Antioquia,5004,Abriaquí,2019,Centros Poblados y Rural Disperso,1893,0,0,0,0,26,1867
5,Antioquia,5004,Abriaquí,2019,Total,2730,0,1,0,0,54,2675
5,Antioquia,5004,Abriaquí,2020,Cabecera Municipal,859,0,1,0,0,28,830
5,Antioquia,5004,Abriaquí,2020,Centros Poblados y Rural Disperso,1916,0,0,0,0,27,1889
5,Antioquia,5004,Abriaquí,2020,Total,2775,0,1,0,0,55,2719
5,Antioquia,5004,Abriaquí,2021,Cabecera Municipal,904,0,1,0,0,30,873
5,Antioquia,5004,Abriaquí,2021,Centros Poblados y Rural Disperso,1873,0,0,0,0,26,1847
5,Antioquia,5004,Abriaquí,2021,Total,2777,0,1,0,0,56,2720
5,Antioquia,5004,Abriaquí,2022,Cabecera Municipal,948,0,1,0,0,31,916
5,Antioquia,5004,Abriaquí,2022,Centros Poblados y Rural Disperso,1856,0,0,0,0,26,1830
5,Antioquia,5004,Abriaquí,2022,Total,2804,0,1,0,0,57,2746
5,Antioquia,5004,Abriaquí,2023,Cabecera Municipal,992,0,1,0,0,33,958
5,Antioquia,5004,Abriaquí,2023,Centros Poblados y Rural Disperso,1849,0,0,0,0,26,1823
5,Antioquia,5004,Abriaquí,2023,Total,2841,0,1,0,0,59,2781
5,Antioquia,5004,Abriaquí,2024,Cabecera Municipal,999,0,1,0,0,33,965
5,Antioquia,5004,Abriaquí,2024,Centros Poblados y Rural Disperso,1856,0,0,0,0,26,1830
5,Antioquia,5004,Abriaquí,2024,Total,2855,0,1,0,0,59,2795
5,Antioquia,5004,Abriaquí,2025,Cabecera Municipal,1029,0,1,0,0,34,994
5,Antioquia,5004,Abriaquí,2025,Centros Poblados y Rural Disperso,1843,0,0,0,0,26,1817
5,Antioquia,5004,Abriaquí,2025,Total,2872,0,1,0,0,60,2811
5,Antioquia,5004,Abriaquí,2026,Cabecera Municipal,1041,0,1,0,0,34,1006
5,Antioquia,5004,Abriaquí,2026,Centros Poblados y Rural Disperso,1862,0,0,0,0,26,1836
5,Antioquia,5004,Abriaquí,2026,Total,2903,0,1,0,0,60,2842
5,Antioquia,5004,Abriaquí,2027,Cabecera Municipal,1055,0,2,0,0,35,1018
5,Antioquia,5004,Abriaquí,2027,Centros Poblados y Rural Disperso,1864,0,0,0,0,26,1838
5,Antioquia,5004,Abriaquí,2027,Total,2919,0,2,0,0,61,2856
5,Antioquia,5004,Abriaquí,2028,Cabecera Municipal,1067,0,2,0,0,35,1030
5,Antioquia,5004,Abriaquí,2028,Centros Poblados y Rural Disperso,1869,0,0,0,0,26,1843
5,Antioquia,5004,Abriaquí,2028,Total,2936,0,2,0,0,61,2873
5,Antioquia,5004,Abriaquí,2029,Cabecera Municipal,1080,0,2,0,0,36,1042
5,Antioquia,5004,Abriaquí,2029,Centros Poblados y Rural Disperso,1871,0,0,0,0,26,1845
5,Antioquia,5004,Abriaquí,2029,Total,2951,0,2,0,0,62,2887
5,Antioquia,5004,Abriaquí,2030,Cabecera Municipal,1077,0,2,0,0,35,1040
5,Antioquia,5004,Abriaquí,2030,Centros Poblados y Rural Disperso,1890,0,0,0,0,26,1864
5,Antioquia,5004,Abriaquí,2030,Total,2967,0,2,0,0,61,2904
5,Antioquia,5004,Abriaquí,2031,Cabecera Municipal,1085,0,2,0,0,36,1047
5,Antioquia,5004,Abriaquí,2031,Centros Poblados y Rural Disperso,1898,0,0,0,0,26,1872
5,Antioquia,5004,Abriaquí,2031,Total,2983,0,2,0,0,62,2919
5,Antioquia,5004,Abriaquí,2032,Cabecera Municipal,1089,0,2,0,0,36,1051
5,Antioquia,5004,Abriaquí,2032,Centros Poblados y Rural Disperso,1900,0,0,0,0,26,1874
5,Antioquia,5004,Abriaquí,2032,Total,2989,0,2,0,0,62,2925
5,Antioquia,5004,Abriaquí,2033,Cabecera Municipal,1098,0,2,0,0,36,1060
5,Antioquia,5004,Abriaquí,2033,Centros Poblados y Rural Disperso,1910,0,0,0,0,27,1883
5,Antioquia,5004,Abriaquí,2033,Total,3008,0,2,0,0,63,2943
5,Antioquia,5004,Abriaquí,2034,Cabecera Municipal,1093,0,2,0,0,36,1055
5,Antioquia,5004,Abriaquí,2034,Centros Poblados y Rural Disperso,1916,0,0,0,0,27,1889
5,Antioquia,5004,Abriaquí,2034,Total,3009,0,2,0,0,63,2944
5,Antioquia,5004,Abriaquí,2035,Cabecera Municipal,1091,0,2,0,0,36,1053
5,Antioquia,5004,Abriaquí,2035,Centros Poblados y Rural Disperso,1930,0,0,0,0,27,1903
5,Antioquia,5004,Abriaquí,2035,Total,3021,0,2,0,0,63,2956
5,Antioquia,5021,Alejandría,2018,Cabecera Municipal,2485,0,0,0,0,12,2473
5,Antioquia,5021,Alejandría,2018,Centros Poblados y Rural Disperso,2172,0,0,0,0,1,2171
5,Antioquia,5021,Alejandría,2018,Total,4657,0,0,0,0,13,4644
5,Antioquia,5021,Alejandría,2019,Cabecera Municipal,2594,0,0,0,0,13,2581
5,Antioquia,5021,Alejandría,2019,Centros Poblados y Rural Disperso,2138,0,0,0,0,1,2137
5,Antioquia,5021,Alejandría,2019,Total,4732,0,0,0,0,14,4718
5,Antioquia,5021,Alejandría,2020,Cabecera Municipal,2687,0,0,0,0,13,2674
5,Antioquia,5021,Alejandría,2020,Centros Poblados y Rural Disperso,2103,0,0,0,0,1,2102
5,Antioquia,5021,Alejandría,2020,Total,4790,0,0,0,0,14,4776
5,Antioquia,5021,Alejandría,2021,Cabecera Municipal,2775,0,0,0,0,14,2761
5,Antioquia,5021,Alejandría,2021,Centros Poblados y Rural Disperso,2070,0,0,0,0,1,2069
5,Antioquia,5021,Alejandría,2021,Total,4845,0,0,0,0,15,4830
5,Antioquia,5021,Alejandría,2022,Cabecera Municipal,2830,0,0,0,0,14,2816
5,Antioquia,5021,Alejandría,2022,Centros Poblados y Rural Disperso,2044,0,0,0,0,1,2043
5,Antioquia,5021,Alejandría,2022,Total,4874,0,0,0,0,15,4859
5,Antioquia,5021,Alejandría,2023,Cabecera Municipal,2886,0,0,0,0,14,2872
5,Antioquia,5021,Alejandría,2023,Centros Poblados y Rural Disperso,2026,0,0,0,0,1,2025
5,Antioquia,5021,Alejandría,2023,Total,4912,0,0,0,0,15,4897
5,Antioquia,5021,Alejandría,2024,Cabecera Municipal,2932,0,0,0,0,15,2917
5,Antioquia,5021,Alejandría,2024,Centros Poblados y Rural Disperso,2023,0,0,0,0,1,2022
5,Antioquia,5021,Alejandría,2024,Total,4955,0,0,0,0,16,4939
5,Antioquia,5021,Alejandría,2025,Cabecera Municipal,2960,0,0,0,0,15,2945
5,Antioquia,5021,Alejandría,2025,Centros Poblados y Rural Disperso,2029,0,0,0,0,1,2028
5,Antioquia,5021,Alejandría,2025,Total,4989,0,0,0,0,16,4973
5,Antioquia,5021,Alejandría,2026,Cabecera Municipal,2995,0,0,0,0,15,2980
5,Antioquia,5021,Alejandría,2026,Centros Poblados y Rural Disperso,2020,0,0,0,0,1,2019
5,Antioquia,5021,Alejandría,2026,Total,5015,0,0,0,0,16,4999
5,Antioquia,5021,Alejandría,2027,Cabecera Municipal,3034,0,0,0,0,15,3019
5,Antioquia,5021,Alejandría,2027,Centros Poblados y Rural Disperso,2013,0,0,0,0,1,2012
5,Antioquia,5021,Alejandría,2027,Total,5047,0,0,0,0,16,5031
5,Antioquia,5021,Alejandría,2028,Cabecera Municipal,3045,0,0,0,0,15,3030
5,Antioquia,5021,Alejandría,2028,Centros Poblados y Rural Disperso,2029,0,0,0,0,1,2028
5,Antioquia,5021,Alejandría,2028,Total,5074,0,0,0,0,16,5058
5,Antioquia,5021,Alejandría,2029,Cabecera Municipal,3066,0,0,0,0,15,3051
5,Antioquia,5021,Alejandría,2029,Centros Poblados y Rural Disperso,2032,0,0,0,0,1,2031
5,Antioquia,5021,Alejandría,2029,Total,5098,0,0,0,0,16,5082
5,Antioquia,5021,Alejandría,2030,Cabecera Municipal,3079,0,0,0,0,15,3064
5,Antioquia,5021,Alejandría,2030,Centros Poblados y Rural Disperso,2031,0,0,0,0,1,2030
5,Antioquia,5021,Alejandría,2030,Total,5110,0,0,0,0,16,5094
5,Antioquia,5021,Alejandría,2031,Cabecera Municipal,3100,0,0,0,0,16,3084
5,Antioquia,5021,Alejandría,2031,Centros Poblados y Rural Disperso,2036,0,0,0,0,1,2035
5,Antioquia,5021,Alejandría,2031,Total,5136,0,0,0,0,17,5119
5,Antioquia,5021,Alejandría,2032,Cabecera Municipal,3121,0,0,0,0,16,3105
5,Antioquia,5021,Alejandría,2032,Centros Poblados y Rural Disperso,2061,0,0,0,0,1,2060
5,Antioquia,5021,Alejandría,2032,Total,5182,0,0,0,0,17,5165
5,Antioquia,5021,Alejandría,2033,Cabecera Municipal,3121,0,0,0,0,16,3105
5,Antioquia,5021,Alejandría,2033,Centros Poblados y Rural Disperso,2065,0,0,0,0,1,2064
5,Antioquia,5021,Alejandría,2033,Total,5186,0,0,0,0,17,5169
5,Antioquia,5021,Alejandría,2034,Cabecera Municipal,3139,0,0,0,0,16,3123
5,Antioquia,5021,Alejandría,2034,Centros Poblados y Rural Disperso,2079,0,0,0,0,1,2078
5,Antioquia,5021,Alejandría,2034,Total,5218,0,0,0,0,17,5201
5,Antioquia,5021,Alejandría,2035,Cabecera Municipal,3144,0,0,0,0,16,3128
5,Antioquia,5021,Alejandría,2035,Centros Poblados y Rural Disperso,2096,0,0,0,0,1,2095
5,Antioquia,5021,Alejandría,2035,Total,5240,0,0,0,0,17,5223
5,Antioquia,5030,Amagá,2018,Cabecera Municipal,14184,9,2,0,3,120,14050
5,Antioquia,5030,Amagá,2018,Centros Poblados y Rural Disperso,16043,1,0,0,0,17,16025
5,Antioquia,5030,Amagá,2018,Total,30227,10,2,0,3,137,30075
5,Antioquia,5030,Amagá,2019,Cabecera Municipal,14739,9,2,0,3,125,14600
5,Antioquia,5030,Amagá,2019,Centros Poblados y Rural Disperso,16050,1,0,0,0,17,16032
5,Antioquia,5030,Amagá,2019,Total,30789,10,2,0,3,142,30632
5,Antioquia,5030,Amagá,2020,Cabecera Municipal,15233,9,2,0,4,129,15089
5,Antioquia,5030,Amagá,2020,Centros Poblados y Rural Disperso,16029,1,0,0,0,17,16011
5,Antioquia,5030,Amagá,2020,Total,31262,10,2,0,4,146,31100
5,Antioquia,5030,Amagá,2021,Cabecera Municipal,15807,10,2,0,4,134,15657
5,Antioquia,5030,Amagá,2021,Centros Poblados y Rural Disperso,15741,1,0,0,0,17,15723
5,Antioquia,5030,Amagá,2021,Total,31548,11,2,0,4,151,31380
5,Antioquia,5030,Amagá,2022,Cabecera Municipal,16246,10,3,0,4,138,16091
5,Antioquia,5030,Amagá,2022,Centros Poblados y Rural Disperso,15605,1,0,0,0,17,15587
5,Antioquia,5030,Amagá,2022,Total,31851,11,3,0,4,155,31678
5,Antioquia,5030,Amagá,2023,Cabecera Municipal,16636,10,3,0,4,141,16478
5,Antioquia,5030,Amagá,2023,Centros Poblados y Rural Disperso,15506,1,0,0,0,17,15488
5,Antioquia,5030,Amagá,2023,Total,32142,11,3,0,4,158,31966
5,Antioquia,5030,Amagá,2024,Cabecera Municipal,16924,10,3,0,4,143,16764
5,Antioquia,5030,Amagá,2024,Centros Poblados y Rural Disperso,15488,1,0,0,0,17,15470
5,Antioquia,5030,Amagá,2024,Total,32412,11,3,0,4,160,32234
5,Antioquia,5030,Amagá,2025,Cabecera Municipal,17156,11,3,0,4,145,16993
5,Antioquia,5030,Amagá,2025,Centros Poblados y Rural Disperso,15472,1,0,0,0,17,15454
5,Antioquia,5030,Amagá,2025,Total,32628,12,3,0,4,162,32447
5,Antioquia,5030,Amagá,2026,Cabecera Municipal,17358,11,3,0,4,147,17193
5,Antioquia,5030,Amagá,2026,Centros Poblados y Rural Disperso,15463,1,0,0,0,17,15445
5,Antioquia,5030,Amagá,2026,Total,32821,12,3,0,4,164,32638
5,Antioquia,5030,Amagá,2027,Cabecera Municipal,17515,11,3,0,4,148,17349
5,Antioquia,5030,Amagá,2027,Centros Poblados y Rural Disperso,15491,1,0,0,0,17,15473
5,Antioquia,5030,Amagá,2027,Total,33006,12,3,0,4,165,32822
5,Antioquia,5030,Amagá,2028,Cabecera Municipal,17667,11,3,0,4,150,17499
5,Antioquia,5030,Amagá,2028,Centros Poblados y Rural Disperso,15509,1,0,0,0,17,15491
5,Antioquia,5030,Amagá,2028,Total,33176,12,3,0,4,167,32990
5,Antioquia,5030,Amagá,2029,Cabecera Municipal,17791,11,3,0,4,151,17622
5,Antioquia,5030,Amagá,2029,Centros Poblados y Rural Disperso,15561,1,0,0,0,17,15543
5,Antioquia,5030,Amagá,2029,Total,33352,12,3,0,4,168,33165
5,Antioquia,5030,Amagá,2030,Cabecera Municipal,17870,11,3,0,4,151,17701
5,Antioquia,5030,Amagá,2030,Centros Poblados y Rural Disperso,15629,1,0,0,0,17,15611
5,Antioquia,5030,Amagá,2030,Total,33499,12,3,0,4,168,33312
5,Antioquia,5030,Amagá,2031,Cabecera Municipal,17939,11,3,0,4,152,17769
5,Antioquia,5030,Amagá,2031,Centros Poblados y Rural Disperso,15722,1,0,0,0,17,15704
5,Antioquia,5030,Amagá,2031,Total,33661,12,3,0,4,169,33473
5,Antioquia,5030,Amagá,2032,Cabecera Municipal,17987,11,3,0,4,152,17817
5,Antioquia,5030,Amagá,2032,Centros Poblados y Rural Disperso,15794,1,0,0,0,17,15776
5,Antioquia,5030,Amagá,2032,Total,33781,12,3,0,4,169,33593
5,Antioquia,5030,Amagá,2033,Cabecera Municipal,18043,11,3,0,4,153,17872
5,Antioquia,5030,Amagá,2033,Centros Poblados y Rural Disperso,15903,1,0,0,0,17,15885
5,Antioquia,5030,Amagá,2033,Total,33946,12,3,0,4,170,33757
5,Antioquia,5030,Amagá,2034,Cabecera Municipal,18101,11,3,0,4,153,17930
5,Antioquia,5030,Amagá,2034,Centros Poblados y Rural Disperso,15963,1,0,0,0,17,15945
5,Antioquia,5030,Amagá,2034,Total,34064,12,3,0,4,170,33875
5,Antioquia,5030,Amagá,2035,Cabecera Municipal,18163,11,3,0,4,154,17991
5,Antioquia,5030,Amagá,2035,Centros Poblados y Rural Disperso,16030,1,0,0,0,17,16012
5,Antioquia,5030,Amagá,2035,Total,34193,12,3,0,4,171,34003
5,Antioquia,5031,Amalfi,2018,Cabecera Municipal,14508,3,1,0,0,108,14396
5,Antioquia,5031,Amalfi,2018,Centros Poblados y Rural Disperso,11454,0,0,0,0,21,11433
5,Antioquia,5031,Amalfi,2018,Total,25962,3,1,0,0,129,25829
5,Antioquia,5031,Amalfi,2019,Cabecera Municipal,15011,3,1,0,0,111,14896
5,Antioquia,5031,Amalfi,2019,Centros Poblados y Rural Disperso,11428,0,0,0,0,21,11407
5,Antioquia,5031,Amalfi,2019,Total,26439,3,1,0,0,132,26303
5,Antioquia,5031,Amalfi,2020,Cabecera Municipal,15492,3,1,0,0,115,15373
5,Antioquia,5031,Amalfi,2020,Centros Poblados y Rural Disperso,11384,0,0,0,0,21,11363
5,Antioquia,5031,Amalfi,2020,Total,26876,3,1,0,0,136,26736
5,Antioquia,5031,Amalfi,2021,Cabecera Municipal,15951,3,1,0,0,118,15829
5,Antioquia,5031,Amalfi,2021,Centros Poblados y Rural Disperso,11204,0,0,0,0,21,11183
5,Antioquia,5031,Amalfi,2021,Total,27155,3,1,0,0,139,27012
5,Antioquia,5031,Amalfi,2022,Cabecera Municipal,16303,3,1,0,0,121,16178
5,Antioquia,5031,Amalfi,2022,Centros Poblados y Rural Disperso,11095,0,0,0,0,21,11074
5,Antioquia,5031,Amalfi,2022,Total,27398,3,1,0,0,142,27252
5,Antioquia,5031,Amalfi,2023,Cabecera Municipal,16624,3,1,0,0,123,16497
5,Antioquia,5031,Amalfi,2023,Centros Poblados y Rural Disperso,11013,0,0,0,0,21,10992
5,Antioquia,5031,Amalfi,2023,Total,27637,3,1,0,0,144,27489
5,Antioquia,5031,Amalfi,2024,Cabecera Municipal,16865,3,1,0,0,125,16736
5,Antioquia,5031,Amalfi,2024,Centros Poblados y Rural Disperso,10981,0,0,0,0,21,10960
5,Antioquia,5031,Amalfi,2024,Total,27846,3,1,0,0,146,27696
5,Antioquia,5031,Amalfi,2025,Cabecera Municipal,17098,3,1,0,0,127,16967
5,Antioquia,5031,Amalfi,2025,Centros Poblados y Rural Disperso,10961,0,0,0,0,20,10941
5,Antioquia,5031,Amalfi,2025,Total,28059,3,1,0,0,147,27908
5,Antioquia,5031,Amalfi,2026,Cabecera Municipal,17276,3,1,0,0,128,17144
5,Antioquia,5031,Amalfi,2026,Centros Poblados y Rural Disperso,10951,0,0,0,0,20,10931
5,Antioquia,5031,Amalfi,2026,Total,28227,3,1,0,0,148,28075
5,Antioquia,5031,Amalfi,2027,Cabecera Municipal,17432,3,2,0,0,129,17298
5,Antioquia,5031,Amalfi,2027,Centros Poblados y Rural Disperso,10940,0,0,0,0,20,10920
5,Antioquia,5031,Amalfi,2027,Total,28372,3,2,0,0,149,28218
5,Antioquia,5031,Amalfi,2028,Cabecera Municipal,17564,3,2,0,0,130,17429
5,Antioquia,5031,Amalfi,2028,Centros Poblados y Rural Disperso,10973,0,0,0,0,21,10952
5,Antioquia,5031,Amalfi,2028,Total,28537,3,2,0,0,151,28381
5,Antioquia,5031,Amalfi,2029,Cabecera Municipal,17655,3,2,0,0,131,17519
5,Antioquia,5031,Amalfi,2029,Centros Poblados y Rural Disperso,11005,0,0,0,0,21,10984
5,Antioquia,5031,Amalfi,2029,Total,28660,3,2,0,0,152,28503
5,Antioquia,5031,Amalfi,2030,Cabecera Municipal,17750,3,2,0,0,132,17613
5,Antioquia,5031,Amalfi,2030,Centros Poblados y Rural Disperso,11065,0,0,0,0,21,11044
5,Antioquia,5031,Amalfi,2030,Total,28815,3,2,0,0,153,28657
5,Antioquia,5031,Amalfi,2031,Cabecera Municipal,17819,3,2,0,0,132,17682
5,Antioquia,5031,Amalfi,2031,Centros Poblados y Rural Disperso,11117,0,0,0,0,21,11096
5,Antioquia,5031,Amalfi,2031,Total,28936,3,2,0,0,153,28778
5,Antioquia,5031,Amalfi,2032,Cabecera Municipal,17883,3,2,0,0,133,17745
5,Antioquia,5031,Amalfi,2032,Centros Poblados y Rural Disperso,11172,0,0,0,0,21,11151
5,Antioquia,5031,Amalfi,2032,Total,29055,3,2,0,0,154,28896
5,Antioquia,5031,Amalfi,2033,Cabecera Municipal,17948,3,2,0,0,133,17810
5,Antioquia,5031,Amalfi,2033,Centros Poblados y Rural Disperso,11214,0,0,0,0,21,11193
5,Antioquia,5031,Amalfi,2033,Total,29162,3,2,0,0,154,29003
5,Antioquia,5031,Amalfi,2034,Cabecera Municipal,18015,3,2,0,0,134,17876
5,Antioquia,5031,Amalfi,2034,Centros Poblados y Rural Disperso,11269,0,0,0,0,21,11248
5,Antioquia,5031,Amalfi,2034,Total,29284,3,2,0,0,155,29124
5,Antioquia,5031,Amalfi,2035,Cabecera Municipal,18048,3,2,0,0,134,17909
5,Antioquia,5031,Amalfi,2035,Centros Poblados y Rural Disperso,11329,0,0,0,0,21,11308
5,Antioquia,5031,Amalfi,2035,Total,29377,3,2,0,0,155,29217
5,Antioquia,5034,Andes,2018,Cabecera Municipal,20250,31,0,0,0,185,20034
5,Antioquia,5034,Andes,2018,Centros Poblados y Rural Disperso,23019,267,0,2,1,66,22683
5,Antioquia,5034,Andes,2018,Total,43269,298,0,2,1,251,42717
5,Antioquia,5034,Andes,2019,Cabecera Municipal,20984,33,0,0,0,192,20759
5,Antioquia,5034,Andes,2019,Centros Poblados y Rural Disperso,22999,266,0,2,1,66,22664
5,Antioquia,5034,Andes,2019,Total,43983,299,0,2,1,258,43423
5,Antioquia,5034,Andes,2020,Cabecera Municipal,21657,34,0,0,0,198,21425
5,Antioquia,5034,Andes,2020,Centros Poblados y Rural Disperso,22957,266,0,2,1,66,22622
5,Antioquia,5034,Andes,2020,Total,44614,300,0,2,1,264,44047
5,Antioquia,5034,Andes,2021,Cabecera Municipal,22444,35,0,0,0,205,22204
5,Antioquia,5034,Andes,2021,Centros Poblados y Rural Disperso,22539,261,0,2,1,64,22211
5,Antioquia,5034,Andes,2021,Total,44983,296,0,2,1,269,44415
5,Antioquia,5034,Andes,2022,Cabecera Municipal,23070,36,0,0,0,211,22823
5,Antioquia,5034,Andes,2022,Centros Poblados y Rural Disperso,22324,259,0,2,1,64,21998
5,Antioquia,5034,Andes,2022,Total,45394,295,0,2,1,275,44821
5,Antioquia,5034,Andes,2023,Cabecera Municipal,23621,37,0,0,0,216,23368
5,Antioquia,5034,Andes,2023,Centros Poblados y Rural Disperso,22175,257,0,2,1,63,21852
5,Antioquia,5034,Andes,2023,Total,45796,294,0,2,1,279,45220
5,Antioquia,5034,Andes,2024,Cabecera Municipal,24037,37,0,0,0,220,23780
5,Antioquia,5034,Andes,2024,Centros Poblados y Rural Disperso,22146,257,0,2,1,63,21823
5,Antioquia,5034,Andes,2024,Total,46183,294,0,2,1,283,45603
5,Antioquia,5034,Andes,2025,Cabecera Municipal,24343,38,0,0,0,222,24083
5,Antioquia,5034,Andes,2025,Centros Poblados y Rural Disperso,22142,257,0,2,1,63,21819
5,Antioquia,5034,Andes,2025,Total,46485,295,0,2,1,285,45902
5,Antioquia,5034,Andes,2026,Cabecera Municipal,24651,38,0,0,0,225,24388
5,Antioquia,5034,Andes,2026,Centros Poblados y Rural Disperso,22132,256,0,2,1,63,21810
5,Antioquia,5034,Andes,2026,Total,46783,294,0,2,1,288,46198
5,Antioquia,5034,Andes,2027,Cabecera Municipal,24890,39,0,0,0,227,24624
5,Antioquia,5034,Andes,2027,Centros Poblados y Rural Disperso,22163,257,0,2,1,63,21840
5,Antioquia,5034,Andes,2027,Total,47053,296,0,2,1,290,46464
5,Antioquia,5034,Andes,2028,Cabecera Municipal,25094,39,0,0,0,229,24826
5,Antioquia,5034,Andes,2028,Centros Poblados y Rural Disperso,22204,257,0,2,1,63,21881
5,Antioquia,5034,Andes,2028,Total,47298,296,0,2,1,292,46707
5,Antioquia,5034,Andes,2029,Cabecera Municipal,25262,39,0,0,0,231,24992
5,Antioquia,5034,Andes,2029,Centros Poblados y Rural Disperso,22276,258,0,2,1,64,21951
5,Antioquia,5034,Andes,2029,Total,47538,297,0,2,1,295,46943
5,Antioquia,5034,Andes,2030,Cabecera Municipal,25387,39,0,0,0,232,25116
5,Antioquia,5034,Andes,2030,Centros Poblados y Rural Disperso,22377,259,0,2,1,64,22051
5,Antioquia,5034,Andes,2030,Total,47764,298,0,2,1,296,47167
5,Antioquia,5034,Andes,2031,Cabecera Municipal,25482,39,0,0,0,233,25210
5,Antioquia,5034,Andes,2031,Centros Poblados y Rural Disperso,22498,261,0,2,1,64,22170
5,Antioquia,5034,Andes,2031,Total,47980,300,0,2,1,297,47380
5,Antioquia,5034,Andes,2032,Cabecera Municipal,25593,40,0,0,0,234,25319
5,Antioquia,5034,Andes,2032,Centros Poblados y Rural Disperso,22608,262,0,2,1,65,22278
5,Antioquia,5034,Andes,2032,Total,48201,302,0,2,1,299,47597
5,Antioquia,5034,Andes,2033,Cabecera Municipal,25672,40,0,0,0,235,25397
5,Antioquia,5034,Andes,2033,Centros Poblados y Rural Disperso,22729,263,0,2,1,65,22398
5,Antioquia,5034,Andes,2033,Total,48401,303,0,2,1,300,47795
5,Antioquia,5034,Andes,2034,Cabecera Municipal,25754,40,0,0,0,235,25479
5,Antioquia,5034,Andes,2034,Centros Poblados y Rural Disperso,22835,265,0,2,1,65,22502
5,Antioquia,5034,Andes,2034,Total,48589,305,0,2,1,300,47981
5,Antioquia,5034,Andes,2035,Cabecera Municipal,25829,40,0,0,0,236,25553
5,Antioquia,5034,Andes,2035,Centros Poblados y Rural Disperso,22949,266,0,2,1,66,22614
5,Antioquia,5034,Andes,2035,Total,48778,306,0,2,1,302,48167
5,Antioquia,5036,Angelópolis,2018,Cabecera Municipal,2168,0,0,0,0,14,2154
5,Antioquia,5036,Angelópolis,2018,Centros Poblados y Rural Disperso,3588,4,0,0,0,16,3568
5,Antioquia,5036,Angelópolis,2018,Total,5756,4,0,0,0,30,5722
5,Antioquia,5036,Angelópolis,2019,Cabecera Municipal,2268,0,0,0,0,15,2253
5,Antioquia,5036,Angelópolis,2019,Centros Poblados y Rural Disperso,3581,4,0,0,0,16,3561
5,Antioquia,5036,Angelópolis,2019,Total,5849,4,0,0,0,31,5814
5,Antioquia,5036,Angelópolis,2020,Cabecera Municipal,2364,0,0,0,0,16,2348
5,Antioquia,5036,Angelópolis,2020,Centros Poblados y Rural Disperso,3541,3,0,0,0,16,3522
5,Antioquia,5036,Angelópolis,2020,Total,5905,3,0,0,0,32,5870
5,Antioquia,5036,Angelópolis,2021,Cabecera Municipal,2477,0,0,0,0,16,2461
5,Antioquia,5036,Angelópolis,2021,Centros Poblados y Rural Disperso,3486,3,0,0,0,16,3467
5,Antioquia,5036,Angelópolis,2021,Total,5963,3,0,0,0,32,5928
5,Antioquia,5036,Angelópolis,2022,Cabecera Municipal,2554,0,0,0,0,17,2537
5,Antioquia,5036,Angelópolis,2022,Centros Poblados y Rural Disperso,3456,3,0,0,0,16,3437
5,Antioquia,5036,Angelópolis,2022,Total,6010,3,0,0,0,33,5974
5,Antioquia,5036,Angelópolis,2023,Cabecera Municipal,2640,0,0,0,0,17,2623
5,Antioquia,5036,Angelópolis,2023,Centros Poblados y Rural Disperso,3442,3,0,0,0,16,3423
5,Antioquia,5036,Angelópolis,2023,Total,6082,3,0,0,0,33,6046
5,Antioquia,5036,Angelópolis,2024,Cabecera Municipal,2675,0,0,0,0,18,2657
5,Antioquia,5036,Angelópolis,2024,Centros Poblados y Rural Disperso,3434,3,0,0,0,16,3415
5,Antioquia,5036,Angelópolis,2024,Total,6109,3,0,0,0,34,6072
5,Antioquia,5036,Angelópolis,2025,Cabecera Municipal,2738,0,0,0,0,18,2720
5,Antioquia,5036,Angelópolis,2025,Centros Poblados y Rural Disperso,3445,3,0,0,0,16,3426
5,Antioquia,5036,Angelópolis,2025,Total,6183,3,0,0,0,34,6146
5,Antioquia,5036,Angelópolis,2026,Cabecera Municipal,2761,0,0,0,0,18,2743
5,Antioquia,5036,Angelópolis,2026,Centros Poblados y Rural Disperso,3443,3,0,0,0,16,3424
5,Antioquia,5036,Angelópolis,2026,Total,6204,3,0,0,0,34,6167
5,Antioquia,5036,Angelópolis,2027,Cabecera Municipal,2791,0,0,0,0,18,2773
5,Antioquia,5036,Angelópolis,2027,Centros Poblados y Rural Disperso,3454,3,0,0,0,16,3435
5,Antioquia,5036,Angelópolis,2027,Total,6245,3,0,0,0,34,6208
5,Antioquia,5036,Angelópolis,2028,Cabecera Municipal,2824,0,0,0,0,19,2805
5,Antioquia,5036,Angelópolis,2028,Centros Poblados y Rural Disperso,3452,3,0,0,0,16,3433
5,Antioquia,5036,Angelópolis,2028,Total,6276,3,0,0,0,35,6238
5,Antioquia,5036,Angelópolis,2029,Cabecera Municipal,2835,0,0,0,0,19,2816
5,Antioquia,5036,Angelópolis,2029,Centros Poblados y Rural Disperso,3469,3,0,0,0,16,3450
5,Antioquia,5036,Angelópolis,2029,Total,6304,3,0,0,0,35,6266
5,Antioquia,5036,Angelópolis,2030,Cabecera Municipal,2855,0,0,0,0,19,2836
5,Antioquia,5036,Angelópolis,2030,Centros Poblados y Rural Disperso,3476,3,0,0,0,16,3457
5,Antioquia,5036,Angelópolis,2030,Total,6331,3,0,0,0,35,6293
5,Antioquia,5036,Angelópolis,2031,Cabecera Municipal,2869,0,0,0,0,19,2850
5,Antioquia,5036,Angelópolis,2031,Centros Poblados y Rural Disperso,3506,3,0,0,0,16,3487
5,Antioquia,5036,Angelópolis,2031,Total,6375,3,0,0,0,35,6337
5,Antioquia,5036,Angelópolis,2032,Cabecera Municipal,2885,0,0,0,0,19,2866
5,Antioquia,5036,Angelópolis,2032,Centros Poblados y Rural Disperso,3527,3,0,0,0,16,3508
5,Antioquia,5036,Angelópolis,2032,Total,6412,3,0,0,0,35,6374
5,Antioquia,5036,Angelópolis,2033,Cabecera Municipal,2893,0,0,0,0,19,2874
5,Antioquia,5036,Angelópolis,2033,Centros Poblados y Rural Disperso,3532,3,0,0,0,16,3513
5,Antioquia,5036,Angelópolis,2033,Total,6425,3,0,0,0,35,6387
5,Antioquia,5036,Angelópolis,2034,Cabecera Municipal,2883,0,0,0,0,19,2864
5,Antioquia,5036,Angelópolis,2034,Centros Poblados y Rural Disperso,3553,4,0,0,0,16,3533
5,Antioquia,5036,Angelópolis,2034,Total,6436,4,0,0,0,35,6397
5,Antioquia,5036,Angelópolis,2035,Cabecera Municipal,2887,0,0,0,0,19,2868
5,Antioquia,5036,Angelópolis,2035,Centros Poblados y Rural Disperso,3577,4,0,0,0,16,3557
5,Antioquia,5036,Angelópolis,2035,Total,6464,4,0,0,0,35,6425
5,Antioquia,5038,Angostura,2018,Cabecera Municipal,2628,0,4,0,0,30,2594
5,Antioquia,5038,Angostura,2018,Centros Poblados y Rural Disperso,8809,0,0,0,4,24,8781
5,Antioquia,5038,Angostura,2018,Total,11437,0,4,0,4,54,11375
5,Antioquia,5038,Angostura,2019,Cabecera Municipal,2661,0,5,0,0,31,2625
5,Antioquia,5038,Angostura,2019,Centros Poblados y Rural Disperso,8929,0,0,0,4,24,8901
5,Antioquia,5038,Angostura,2019,Total,11590,0,5,0,4,55,11526
5,Antioquia,5038,Angostura,2020,Cabecera Municipal,2700,0,5,0,0,31,2664
5,Antioquia,5038,Angostura,2020,Centros Poblados y Rural Disperso,9042,0,0,0,4,24,9014
5,Antioquia,5038,Angostura,2020,Total,11742,0,5,0,4,55,11678
5,Antioquia,5038,Angostura,2021,Cabecera Municipal,2953,0,5,0,0,34,2914
5,Antioquia,5038,Angostura,2021,Centros Poblados y Rural Disperso,8830,0,0,0,4,24,8802
5,Antioquia,5038,Angostura,2021,Total,11783,0,5,0,4,58,11716
5,Antioquia,5038,Angostura,2022,Cabecera Municipal,3152,0,5,0,0,36,3111
5,Antioquia,5038,Angostura,2022,Centros Poblados y Rural Disperso,8757,0,0,0,4,24,8729
5,Antioquia,5038,Angostura,2022,Total,11909,0,5,0,4,60,11840
5,Antioquia,5038,Angostura,2023,Cabecera Municipal,3311,0,6,0,0,38,3267
5,Antioquia,5038,Angostura,2023,Centros Poblados y Rural Disperso,8694,0,0,0,4,24,8666
5,Antioquia,5038,Angostura,2023,Total,12005,0,6,0,4,62,11933
5,Antioquia,5038,Angostura,2024,Cabecera Municipal,3385,0,6,0,0,39,3340
5,Antioquia,5038,Angostura,2024,Centros Poblados y Rural Disperso,8736,0,0,0,4,24,8708
5,Antioquia,5038,Angostura,2024,Total,12121,0,6,0,4,63,12048
5,Antioquia,5038,Angostura,2025,Cabecera Municipal,3439,0,6,0,0,39,3394
5,Antioquia,5038,Angostura,2025,Centros Poblados y Rural Disperso,8751,0,0,0,4,24,8723
5,Antioquia,5038,Angostura,2025,Total,12190,0,6,0,4,63,12117
5,Antioquia,5038,Angostura,2026,Cabecera Municipal,3484,0,6,0,0,40,3438
5,Antioquia,5038,Angostura,2026,Centros Poblados y Rural Disperso,8787,0,0,0,4,24,8759
5,Antioquia,5038,Angostura,2026,Total,12271,0,6,0,4,64,12197
5,Antioquia,5038,Angostura,2027,Cabecera Municipal,3533,0,6,0,0,41,3486
5,Antioquia,5038,Angostura,2027,Centros Poblados y Rural Disperso,8811,0,0,0,4,24,8783
5,Antioquia,5038,Angostura,2027,Total,12344,0,6,0,4,65,12269
5,Antioquia,5038,Angostura,2028,Cabecera Municipal,3567,0,6,0,0,41,3520
5,Antioquia,5038,Angostura,2028,Centros Poblados y Rural Disperso,8833,0,0,0,4,24,8805
5,Antioquia,5038,Angostura,2028,Total,12400,0,6,0,4,65,12325
5,Antioquia,5038,Angostura,2029,Cabecera Municipal,3601,0,6,0,0,41,3554
5,Antioquia,5038,Angostura,2029,Centros Poblados y Rural Disperso,8862,0,0,0,4,24,8834
5,Antioquia,5038,Angostura,2029,Total,12463,0,6,0,4,65,12388
5,Antioquia,5038,Angostura,2030,Cabecera Municipal,3603,0,6,0,0,41,3556
5,Antioquia,5038,Angostura,2030,Centros Poblados y Rural Disperso,8920,0,0,0,4,24,8892
5,Antioquia,5038,Angostura,2030,Total,12523,0,6,0,4,65,12448
5,Antioquia,5038,Angostura,2031,Cabecera Municipal,3616,0,6,0,0,42,3568
5,Antioquia,5038,Angostura,2031,Centros Poblados y Rural Disperso,8964,0,0,0,4,24,8936
5,Antioquia,5038,Angostura,2031,Total,12580,0,6,0,4,66,12504
5,Antioquia,5038,Angostura,2032,Cabecera Municipal,3619,0,6,0,0,42,3571
5,Antioquia,5038,Angostura,2032,Centros Poblados y Rural Disperso,9004,0,0,0,4,24,8976
5,Antioquia,5038,Angostura,2032,Total,12623,0,6,0,4,66,12547
5,Antioquia,5038,Angostura,2033,Cabecera Municipal,3653,0,6,0,0,42,3605
5,Antioquia,5038,Angostura,2033,Centros Poblados y Rural Disperso,9026,0,0,0,4,24,8998
5,Antioquia,5038,Angostura,2033,Total,12679,0,6,0,4,66,12603
5,Antioquia,5038,Angostura,2034,Cabecera Municipal,3659,0,6,0,0,42,3611
5,Antioquia,5038,Angostura,2034,Centros Poblados y Rural Disperso,9093,0,0,0,4,25,9064
5,Antioquia,5038,Angostura,2034,Total,12752,0,6,0,4,67,12675
5,Antioquia,5038,Angostura,2035,Cabecera Municipal,3665,0,6,0,0,42,3617
5,Antioquia,5038,Angostura,2035,Centros Poblados y Rural Disperso,9130,0,0,0,4,25,9101
5,Antioquia,5038,Angostura,2035,Total,12795,0,6,0,4,67,12718
5,Antioquia,5040,Anorí,2018,Cabecera Municipal,7634,29,0,0,0,104,7501
5,Antioquia,5040,Anorí,2018,Centros Poblados y Rural Disperso,10687,202,0,0,0,215,10270
5,Antioquia,5040,Anorí,2018,Total,18321,231,0,0,0,319,17771
5,Antioquia,5040,Anorí,2019,Cabecera Municipal,7982,31,0,0,0,108,7843
5,Antioquia,5040,Anorí,2019,Centros Poblados y Rural Disperso,10693,202,0,0,0,215,10276
5,Antioquia,5040,Anorí,2019,Total,18675,233,0,0,0,323,18119
5,Antioquia,5040,Anorí,2020,Cabecera Municipal,8285,32,0,0,0,112,8141
5,Antioquia,5040,Anorí,2020,Centros Poblados y Rural Disperso,10693,202,0,0,0,215,10276
5,Antioquia,5040,Anorí,2020,Total,18978,234,0,0,0,327,18417
5,Antioquia,5040,Anorí,2021,Cabecera Municipal,8662,33,0,0,0,118,8511
5,Antioquia,5040,Anorí,2021,Centros Poblados y Rural Disperso,10530,199,0,0,0,212,10119
5,Antioquia,5040,Anorí,2021,Total,19192,232,0,0,0,330,18630
5,Antioquia,5040,Anorí,2022,Cabecera Municipal,8930,34,0,0,0,121,8775
5,Antioquia,5040,Anorí,2022,Centros Poblados y Rural Disperso,10419,197,0,0,0,209,10013
5,Antioquia,5040,Anorí,2022,Total,19349,231,0,0,0,330,18788
5,Antioquia,5040,Anorí,2023,Cabecera Municipal,9166,35,0,0,0,124,9007
5,Antioquia,5040,Anorí,2023,Centros Poblados y Rural Disperso,10361,196,0,0,0,208,9957
5,Antioquia,5040,Anorí,2023,Total,19527,231,0,0,0,332,18964
5,Antioquia,5040,Anorí,2024,Cabecera Municipal,9334,36,0,0,0,127,9171
5,Antioquia,5040,Anorí,2024,Centros Poblados y Rural Disperso,10341,195,0,0,0,208,9938
5,Antioquia,5040,Anorí,2024,Total,19675,231,0,0,0,335,19109
5,Antioquia,5040,Anorí,2025,Cabecera Municipal,9469,37,0,0,0,129,9303
5,Antioquia,5040,Anorí,2025,Centros Poblados y Rural Disperso,10343,195,0,0,0,208,9940
5,Antioquia,5040,Anorí,2025,Total,19812,232,0,0,0,337,19243
5,Antioquia,5040,Anorí,2026,Cabecera Municipal,9575,37,0,0,0,130,9408
5,Antioquia,5040,Anorí,2026,Centros Poblados y Rural Disperso,10358,196,0,0,0,208,9954
5,Antioquia,5040,Anorí,2026,Total,19933,233,0,0,0,338,19362
5,Antioquia,5040,Anorí,2027,Cabecera Municipal,9672,37,0,0,0,131,9504
5,Antioquia,5040,Anorí,2027,Centros Poblados y Rural Disperso,10361,196,0,0,0,208,9957
5,Antioquia,5040,Anorí,2027,Total,20033,233,0,0,0,339,19461
5,Antioquia,5040,Anorí,2028,Cabecera Municipal,9758,38,0,0,0,132,9588
5,Antioquia,5040,Anorí,2028,Centros Poblados y Rural Disperso,10386,196,0,0,0,209,9981
5,Antioquia,5040,Anorí,2028,Total,20144,234,0,0,0,341,19569
5,Antioquia,5040,Anorí,2029,Cabecera Municipal,9820,38,0,0,0,133,9649
5,Antioquia,5040,Anorí,2029,Centros Poblados y Rural Disperso,10421,197,0,0,0,209,10015
5,Antioquia,5040,Anorí,2029,Total,20241,235,0,0,0,342,19664
5,Antioquia,5040,Anorí,2030,Cabecera Municipal,9873,38,0,0,0,134,9701
5,Antioquia,5040,Anorí,2030,Centros Poblados y Rural Disperso,10465,198,0,0,0,210,10057
5,Antioquia,5040,Anorí,2030,Total,20338,236,0,0,0,344,19758
5,Antioquia,5040,Anorí,2031,Cabecera Municipal,9903,38,0,0,0,134,9731
5,Antioquia,5040,Anorí,2031,Centros Poblados y Rural Disperso,10532,199,0,0,0,212,10121
5,Antioquia,5040,Anorí,2031,Total,20435,237,0,0,0,346,19852
5,Antioquia,5040,Anorí,2032,Cabecera Municipal,9950,38,0,0,0,135,9777
5,Antioquia,5040,Anorí,2032,Centros Poblados y Rural Disperso,10575,200,0,0,0,213,10162
5,Antioquia,5040,Anorí,2032,Total,20525,238,0,0,0,348,19939
5,Antioquia,5040,Anorí,2033,Cabecera Municipal,9972,38,0,0,0,135,9799
5,Antioquia,5040,Anorí,2033,Centros Poblados y Rural Disperso,10639,201,0,0,0,214,10224
5,Antioquia,5040,Anorí,2033,Total,20611,239,0,0,0,349,20023
5,Antioquia,5040,Anorí,2034,Cabecera Municipal,10000,39,0,0,0,136,9825
5,Antioquia,5040,Anorí,2034,Centros Poblados y Rural Disperso,10670,201,0,0,0,214,10255
5,Antioquia,5040,Anorí,2034,Total,20670,240,0,0,0,350,20080
5,Antioquia,5040,Anorí,2035,Cabecera Municipal,10022,39,0,0,0,136,9847
5,Antioquia,5040,Anorí,2035,Centros Poblados y Rural Disperso,10728,203,0,0,0,216,10309
5,Antioquia,5040,Anorí,2035,Total,20750,242,0,0,0,352,20156
5,Antioquia,5042,Santafé de Antioquia,2018,Cabecera Municipal,16351,19,0,68,0,727,15537
5,Antioquia,5042,Santafé de Antioquia,2018,Centros Poblados y Rural Disperso,9813,8,0,0,0,27,9778
5,Antioquia,5042,Santafé de Antioquia,2018,Total,26164,27,0,68,0,754,25315
5,Antioquia,5042,Santafé de Antioquia,2019,Cabecera Municipal,17015,20,0,71,0,757,16167
5,Antioquia,5042,Santafé de Antioquia,2019,Centros Poblados y Rural Disperso,9639,8,0,0,0,26,9605
5,Antioquia,5042,Santafé de Antioquia,2019,Total,26654,28,0,71,0,783,25772
5,Antioquia,5042,Santafé de Antioquia,2020,Cabecera Municipal,17627,21,0,73,0,784,16749
5,Antioquia,5042,Santafé de Antioquia,2020,Centros Poblados y Rural Disperso,9444,7,0,0,0,26,9411
5,Antioquia,5042,Santafé de Antioquia,2020,Total,27071,28,0,73,0,810,26160
5,Antioquia,5042,Santafé de Antioquia,2021,Cabecera Municipal,18042,21,0,75,0,802,17144
5,Antioquia,5042,Santafé de Antioquia,2021,Centros Poblados y Rural Disperso,9285,7,0,0,0,25,9253
5,Antioquia,5042,Santafé de Antioquia,2021,Total,27327,28,0,75,0,827,26397
5,Antioquia,5042,Santafé de Antioquia,2022,Cabecera Municipal,18390,22,0,77,0,818,17473
5,Antioquia,5042,Santafé de Antioquia,2022,Centros Poblados y Rural Disperso,9206,7,0,0,0,25,9174
5,Antioquia,5042,Santafé de Antioquia,2022,Total,27596,29,0,77,0,843,26647
5,Antioquia,5042,Santafé de Antioquia,2023,Cabecera Municipal,18695,22,0,78,0,832,17763
5,Antioquia,5042,Santafé de Antioquia,2023,Centros Poblados y Rural Disperso,9136,7,0,0,0,25,9104
5,Antioquia,5042,Santafé de Antioquia,2023,Total,27831,29,0,78,0,857,26867
5,Antioquia,5042,Santafé de Antioquia,2024,Cabecera Municipal,18957,22,0,79,0,843,18013
5,Antioquia,5042,Santafé de Antioquia,2024,Centros Poblados y Rural Disperso,9092,7,0,0,0,25,9060
5,Antioquia,5042,Santafé de Antioquia,2024,Total,28049,29,0,79,0,868,27073
5,Antioquia,5042,Santafé de Antioquia,2025,Cabecera Municipal,19176,22,0,80,0,853,18221
5,Antioquia,5042,Santafé de Antioquia,2025,Centros Poblados y Rural Disperso,9070,7,0,0,0,25,9038
5,Antioquia,5042,Santafé de Antioquia,2025,Total,28246,29,0,80,0,878,27259
5,Antioquia,5042,Santafé de Antioquia,2026,Cabecera Municipal,19364,23,0,81,0,861,18399
5,Antioquia,5042,Santafé de Antioquia,2026,Centros Poblados y Rural Disperso,9058,7,0,0,0,25,9026
5,Antioquia,5042,Santafé de Antioquia,2026,Total,28422,30,0,81,0,886,27425
5,Antioquia,5042,Santafé de Antioquia,2027,Cabecera Municipal,19534,23,0,81,0,869,18561
5,Antioquia,5042,Santafé de Antioquia,2027,Centros Poblados y Rural Disperso,9054,7,0,0,0,25,9022
5,Antioquia,5042,Santafé de Antioquia,2027,Total,28588,30,0,81,0,894,27583
5,Antioquia,5042,Santafé de Antioquia,2028,Cabecera Municipal,19669,23,0,82,0,875,18689
5,Antioquia,5042,Santafé de Antioquia,2028,Centros Poblados y Rural Disperso,9057,7,0,0,0,25,9025
5,Antioquia,5042,Santafé de Antioquia,2028,Total,28726,30,0,82,0,900,27714
5,Antioquia,5042,Santafé de Antioquia,2029,Cabecera Municipal,19774,23,0,82,0,880,18789
5,Antioquia,5042,Santafé de Antioquia,2029,Centros Poblados y Rural Disperso,9089,7,0,0,0,25,9057
5,Antioquia,5042,Santafé de Antioquia,2029,Total,28863,30,0,82,0,905,27846
5,Antioquia,5042,Santafé de Antioquia,2030,Cabecera Municipal,19884,23,0,83,0,884,18894
5,Antioquia,5042,Santafé de Antioquia,2030,Centros Poblados y Rural Disperso,9129,7,0,0,0,25,9097
5,Antioquia,5042,Santafé de Antioquia,2030,Total,29013,30,0,83,0,909,27991
5,Antioquia,5042,Santafé de Antioquia,2031,Cabecera Municipal,19974,23,0,83,0,888,18980
5,Antioquia,5042,Santafé de Antioquia,2031,Centros Poblados y Rural Disperso,9169,7,0,0,0,25,9137
5,Antioquia,5042,Santafé de Antioquia,2031,Total,29143,30,0,83,0,913,28117
5,Antioquia,5042,Santafé de Antioquia,2032,Cabecera Municipal,20034,23,0,83,0,891,19037
5,Antioquia,5042,Santafé de Antioquia,2032,Centros Poblados y Rural Disperso,9225,7,0,0,0,25,9193
5,Antioquia,5042,Santafé de Antioquia,2032,Total,29259,30,0,83,0,916,28230
5,Antioquia,5042,Santafé de Antioquia,2033,Cabecera Municipal,20112,24,0,84,0,895,19109
5,Antioquia,5042,Santafé de Antioquia,2033,Centros Poblados y Rural Disperso,9266,7,0,0,0,25,9234
5,Antioquia,5042,Santafé de Antioquia,2033,Total,29378,31,0,84,0,920,28343
5,Antioquia,5042,Santafé de Antioquia,2034,Cabecera Municipal,20180,24,0,84,0,898,19174
5,Antioquia,5042,Santafé de Antioquia,2034,Centros Poblados y Rural Disperso,9319,7,0,0,0,26,9286
5,Antioquia,5042,Santafé de Antioquia,2034,Total,29499,31,0,84,0,924,28460
5,Antioquia,5042,Santafé de Antioquia,2035,Cabecera Municipal,20234,24,0,84,0,900,19226
5,Antioquia,5042,Santafé de Antioquia,2035,Centros Poblados y Rural Disperso,9359,7,0,0,0,26,9326
5,Antioquia,5042,Santafé de Antioquia,2035,Total,29593,31,0,84,0,926,28552
5,Antioquia,5044,Anzá,2018,Cabecera Municipal,1258,1,0,0,0,2,1255
5,Antioquia,5044,Anzá,2018,Centros Poblados y Rural Disperso,5752,1,0,0,0,22,5729
5,Antioquia,5044,Anzá,2018,Total,7010,2,0,0,0,24,6984
5,Antioquia,5044,Anzá,2019,Cabecera Municipal,1298,1,0,0,0,2,1295
5,Antioquia,5044,Anzá,2019,Centros Poblados y Rural Disperso,5819,1,0,0,0,22,5796
5,Antioquia,5044,Anzá,2019,Total,7117,2,0,0,0,24,7091
5,Antioquia,5044,Anzá,2020,Cabecera Municipal,1339,1,0,0,0,2,1336
5,Antioquia,5044,Anzá,2020,Centros Poblados y Rural Disperso,5891,1,0,0,0,23,5867
5,Antioquia,5044,Anzá,2020,Total,7230,2,0,0,0,25,7203
5,Antioquia,5044,Anzá,2021,Cabecera Municipal,1509,1,0,0,0,3,1505
5,Antioquia,5044,Anzá,2021,Centros Poblados y Rural Disperso,5772,1,0,0,0,22,5749
5,Antioquia,5044,Anzá,2021,Total,7281,2,0,0,0,25,7254
5,Antioquia,5044,Anzá,2022,Cabecera Municipal,1621,1,0,0,0,3,1617
5,Antioquia,5044,Anzá,2022,Centros Poblados y Rural Disperso,5720,1,0,0,0,22,5697
5,Antioquia,5044,Anzá,2022,Total,7341,2,0,0,0,25,7314
5,Antioquia,5044,Anzá,2023,Cabecera Municipal,1736,1,0,0,0,3,1732
5,Antioquia,5044,Anzá,2023,Centros Poblados y Rural Disperso,5697,1,0,0,0,22,5674
5,Antioquia,5044,Anzá,2023,Total,7433,2,0,0,0,25,7406
5,Antioquia,5044,Anzá,2024,Cabecera Municipal,1778,2,0,0,0,3,1773
5,Antioquia,5044,Anzá,2024,Centros Poblados y Rural Disperso,5705,1,0,0,0,22,5682
5,Antioquia,5044,Anzá,2024,Total,7483,3,0,0,0,25,7455
5,Antioquia,5044,Anzá,2025,Cabecera Municipal,1792,2,0,0,0,3,1787
5,Antioquia,5044,Anzá,2025,Centros Poblados y Rural Disperso,5745,1,0,0,0,22,5722
5,Antioquia,5044,Anzá,2025,Total,7537,3,0,0,0,25,7509
5,Antioquia,5044,Anzá,2026,Cabecera Municipal,1819,2,0,0,0,3,1814
5,Antioquia,5044,Anzá,2026,Centros Poblados y Rural Disperso,5752,1,0,0,0,22,5729
5,Antioquia,5044,Anzá,2026,Total,7571,3,0,0,0,25,7543
5,Antioquia,5044,Anzá,2027,Cabecera Municipal,1851,2,0,0,0,3,1846
5,Antioquia,5044,Anzá,2027,Centros Poblados y Rural Disperso,5761,1,0,0,0,22,5738
5,Antioquia,5044,Anzá,2027,Total,7612,3,0,0,0,25,7584
5,Antioquia,5044,Anzá,2028,Cabecera Municipal,1882,2,0,0,0,3,1877
5,Antioquia,5044,Anzá,2028,Centros Poblados y Rural Disperso,5789,1,0,0,0,22,5766
5,Antioquia,5044,Anzá,2028,Total,7671,3,0,0,0,25,7643
5,Antioquia,5044,Anzá,2029,Cabecera Municipal,1895,2,0,0,0,3,1890
5,Antioquia,5044,Anzá,2029,Centros Poblados y Rural Disperso,5809,1,0,0,0,22,5786
5,Antioquia,5044,Anzá,2029,Total,7704,3,0,0,0,25,7676
5,Antioquia,5044,Anzá,2030,Cabecera Municipal,1890,2,0,0,0,3,1885
5,Antioquia,5044,Anzá,2030,Centros Poblados y Rural Disperso,5845,1,0,0,0,23,5821
5,Antioquia,5044,Anzá,2030,Total,7735,3,0,0,0,26,7706
5,Antioquia,5044,Anzá,2031,Cabecera Municipal,1895,2,0,0,0,3,1890
5,Antioquia,5044,Anzá,2031,Centros Poblados y Rural Disperso,5863,1,0,0,0,23,5839
5,Antioquia,5044,Anzá,2031,Total,7758,3,0,0,0,26,7729
5,Antioquia,5044,Anzá,2032,Cabecera Municipal,1898,2,0,0,0,3,1893
5,Antioquia,5044,Anzá,2032,Centros Poblados y Rural Disperso,5901,1,0,0,0,23,5877
5,Antioquia,5044,Anzá,2032,Total,7799,3,0,0,0,26,7770
5,Antioquia,5044,Anzá,2033,Cabecera Municipal,1924,2,0,0,0,3,1919
5,Antioquia,5044,Anzá,2033,Centros Poblados y Rural Disperso,5922,1,0,0,0,23,5898
5,Antioquia,5044,Anzá,2033,Total,7846,3,0,0,0,26,7817
5,Antioquia,5044,Anzá,2034,Cabecera Municipal,1914,2,0,0,0,3,1909
5,Antioquia,5044,Anzá,2034,Centros Poblados y Rural Disperso,5952,1,0,0,0,23,5928
5,Antioquia,5044,Anzá,2034,Total,7866,3,0,0,0,26,7837
5,Antioquia,5044,Anzá,2035,Cabecera Municipal,1927,2,0,0,0,3,1922
5,Antioquia,5044,Anzá,2035,Centros Poblados y Rural Disperso,5982,1,0,0,0,23,5958
5,Antioquia,5044,Anzá,2035,Total,7909,3,0,0,0,26,7880
5,Antioquia,5045,Apartadó,2018,Cabecera Municipal,98454,259,2,29,9,34842,63313
5,Antioquia,5045,Apartadó,2018,Centros Poblados y Rural Disperso,22549,596,0,5,0,11096,10852
5,Antioquia,5045,Apartadó,2018,Total,121003,855,2,34,9,45938,74165
5,Antioquia,5045,Apartadó,2019,Cabecera Municipal,102210,269,2,30,9,36171,65729
5,Antioquia,5045,Apartadó,2019,Centros Poblados y Rural Disperso,21547,569,0,5,0,10603,10370
5,Antioquia,5045,Apartadó,2019,Total,123757,838,2,35,9,46774,76099
5,Antioquia,5045,Apartadó,2020,Cabecera Municipal,106016,279,2,31,9,37518,68177
5,Antioquia,5045,Apartadó,2020,Centros Poblados y Rural Disperso,20223,534,0,5,0,9952,9732
5,Antioquia,5045,Apartadó,2020,Total,126239,813,2,36,9,47470,77909
5,Antioquia,5045,Apartadó,2021,Cabecera Municipal,108091,285,2,32,9,38252,69511
5,Antioquia,5045,Apartadó,2021,Centros Poblados y Rural Disperso,19963,527,0,5,0,9824,9607
5,Antioquia,5045,Apartadó,2021,Total,128054,812,2,37,9,48076,79118
5,Antioquia,5045,Apartadó,2022,Cabecera Municipal,109450,288,2,32,10,38733,70385
5,Antioquia,5045,Apartadó,2022,Centros Poblados y Rural Disperso,19795,523,0,5,0,9741,9526
5,Antioquia,5045,Apartadó,2022,Total,129245,811,2,37,10,48474,79911
5,Antioquia,5045,Apartadó,2023,Cabecera Municipal,110726,292,2,33,10,39185,71204
5,Antioquia,5045,Apartadó,2023,Centros Poblados y Rural Disperso,19636,519,0,5,0,9663,9449
5,Antioquia,5045,Apartadó,2023,Total,130362,811,2,38,10,48848,80653
5,Antioquia,5045,Apartadó,2024,Cabecera Municipal,111893,295,2,33,10,39597,71956
5,Antioquia,5045,Apartadó,2024,Centros Poblados y Rural Disperso,19529,516,0,5,0,9610,9398
5,Antioquia,5045,Apartadó,2024,Total,131422,811,2,38,10,49207,81354
5,Antioquia,5045,Apartadó,2025,Cabecera Municipal,112909,297,2,33,10,39957,72610
5,Antioquia,5045,Apartadó,2025,Centros Poblados y Rural Disperso,19419,513,0,5,0,9556,9345
5,Antioquia,5045,Apartadó,2025,Total,132328,810,2,38,10,49513,81955
5,Antioquia,5045,Apartadó,2026,Cabecera Municipal,113793,300,2,34,10,40270,73177
5,Antioquia,5045,Apartadó,2026,Centros Poblados y Rural Disperso,19347,511,0,4,0,9521,9311
5,Antioquia,5045,Apartadó,2026,Total,133140,811,2,38,10,49791,82488
5,Antioquia,5045,Apartadó,2027,Cabecera Municipal,114579,302,3,34,10,40548,73682
5,Antioquia,5045,Apartadó,2027,Centros Poblados y Rural Disperso,19306,510,0,4,0,9500,9292
5,Antioquia,5045,Apartadó,2027,Total,133885,812,3,38,10,50048,82974
5,Antioquia,5045,Apartadó,2028,Cabecera Municipal,115265,304,3,34,10,40791,74123
5,Antioquia,5045,Apartadó,2028,Centros Poblados y Rural Disperso,19302,510,0,4,0,9498,9290
5,Antioquia,5045,Apartadó,2028,Total,134567,814,3,38,10,50289,83413
5,Antioquia,5045,Apartadó,2029,Cabecera Municipal,115880,305,3,34,10,41008,74520
5,Antioquia,5045,Apartadó,2029,Centros Poblados y Rural Disperso,19348,511,0,4,0,9521,9312
5,Antioquia,5045,Apartadó,2029,Total,135228,816,3,38,10,50529,83832
5,Antioquia,5045,Apartadó,2030,Cabecera Municipal,116424,307,3,35,10,41201,74868
5,Antioquia,5045,Apartadó,2030,Centros Poblados y Rural Disperso,19439,514,0,5,0,9566,9354
5,Antioquia,5045,Apartadó,2030,Total,135863,821,3,40,10,50767,84222
5,Antioquia,5045,Apartadó,2031,Cabecera Municipal,116940,308,3,35,10,41384,75200
5,Antioquia,5045,Apartadó,2031,Centros Poblados y Rural Disperso,19554,517,0,5,0,9622,9410
5,Antioquia,5045,Apartadó,2031,Total,136494,825,3,40,10,51006,84610
5,Antioquia,5045,Apartadó,2032,Cabecera Municipal,117412,309,3,35,10,41551,75504
5,Antioquia,5045,Apartadó,2032,Centros Poblados y Rural Disperso,19658,519,0,5,0,9674,9460
5,Antioquia,5045,Apartadó,2032,Total,137070,828,3,40,10,51225,84964
5,Antioquia,5045,Apartadó,2033,Cabecera Municipal,117853,311,3,35,10,41707,75787
5,Antioquia,5045,Apartadó,2033,Centros Poblados y Rural Disperso,19762,522,0,5,0,9725,9510
5,Antioquia,5045,Apartadó,2033,Total,137615,833,3,40,10,51432,85297
5,Antioquia,5045,Apartadó,2034,Cabecera Municipal,118260,312,3,35,10,41851,76049
5,Antioquia,5045,Apartadó,2034,Centros Poblados y Rural Disperso,19879,525,0,5,0,9782,9567
5,Antioquia,5045,Apartadó,2034,Total,138139,837,3,40,10,51633,85616
5,Antioquia,5045,Apartadó,2035,Cabecera Municipal,118651,313,3,35,10,41989,76301
5,Antioquia,5045,Apartadó,2035,Centros Poblados y Rural Disperso,19963,527,0,5,0,9824,9607
5,Antioquia,5045,Apartadó,2035,Total,138614,840,3,40,10,51813,85908
5,Antioquia,5051,Arboletes,2018,Cabecera Municipal,9747,133,1,8,2,3241,6362
5,Antioquia,5051,Arboletes,2018,Centros Poblados y Rural Disperso,19548,974,1,0,1,4615,13957
5,Antioquia,5051,Arboletes,2018,Total,29295,1107,2,8,3,7856,20319
5,Antioquia,5051,Arboletes,2019,Cabecera Municipal,10127,139,1,8,2,3367,6610
5,Antioquia,5051,Arboletes,2019,Centros Poblados y Rural Disperso,19874,990,1,0,1,4692,14190
5,Antioquia,5051,Arboletes,2019,Total,30001,1129,2,8,3,8059,20800
5,Antioquia,5051,Arboletes,2020,Cabecera Municipal,10498,144,1,9,2,3490,6852
5,Antioquia,5051,Arboletes,2020,Centros Poblados y Rural Disperso,20165,1004,1,0,1,4761,14398
5,Antioquia,5051,Arboletes,2020,Total,30663,1148,2,9,3,8251,21250
5,Antioquia,5051,Arboletes,2021,Cabecera Municipal,11212,154,1,9,2,3728,7318
5,Antioquia,5051,Arboletes,2021,Centros Poblados y Rural Disperso,19944,993,1,0,1,4709,14240
5,Antioquia,5051,Arboletes,2021,Total,31156,1147,2,9,3,8437,21558
5,Antioquia,5051,Arboletes,2022,Cabecera Municipal,11701,160,1,10,2,3890,7638
5,Antioquia,5051,Arboletes,2022,Centros Poblados y Rural Disperso,19769,985,1,0,1,4667,14115
5,Antioquia,5051,Arboletes,2022,Total,31470,1145,2,10,3,8557,21753
5,Antioquia,5051,Arboletes,2023,Cabecera Municipal,12142,166,1,10,3,4037,7925
5,Antioquia,5051,Arboletes,2023,Centros Poblados y Rural Disperso,19711,982,1,0,1,4654,14073
5,Antioquia,5051,Arboletes,2023,Total,31853,1148,2,10,4,8691,21998
5,Antioquia,5051,Arboletes,2024,Cabecera Municipal,12417,170,1,10,3,4128,8105
5,Antioquia,5051,Arboletes,2024,Centros Poblados y Rural Disperso,19775,985,1,0,1,4669,14119
5,Antioquia,5051,Arboletes,2024,Total,32192,1155,2,10,4,8797,22224
5,Antioquia,5051,Arboletes,2025,Cabecera Municipal,12642,173,1,11,3,4203,8251
5,Antioquia,5051,Arboletes,2025,Centros Poblados y Rural Disperso,19836,988,1,0,1,4683,14163
5,Antioquia,5051,Arboletes,2025,Total,32478,1161,2,11,4,8886,22414
5,Antioquia,5051,Arboletes,2026,Cabecera Municipal,12831,176,1,11,3,4266,8374
5,Antioquia,5051,Arboletes,2026,Centros Poblados y Rural Disperso,19891,991,1,0,1,4696,14202
5,Antioquia,5051,Arboletes,2026,Total,32722,1167,2,11,4,8962,22576
5,Antioquia,5051,Arboletes,2027,Cabecera Municipal,12997,178,1,11,3,4321,8483
5,Antioquia,5051,Arboletes,2027,Centros Poblados y Rural Disperso,19999,996,1,0,1,4722,14279
5,Antioquia,5051,Arboletes,2027,Total,32996,1174,2,11,4,9043,22762
5,Antioquia,5051,Arboletes,2028,Cabecera Municipal,13147,180,1,11,3,4371,8581
5,Antioquia,5051,Arboletes,2028,Centros Poblados y Rural Disperso,20096,1001,1,0,1,4744,14349
5,Antioquia,5051,Arboletes,2028,Total,33243,1181,2,11,4,9115,22930
5,Antioquia,5051,Arboletes,2029,Cabecera Municipal,13267,182,1,11,3,4411,8659
5,Antioquia,5051,Arboletes,2029,Centros Poblados y Rural Disperso,20210,1007,1,0,1,4771,14430
5,Antioquia,5051,Arboletes,2029,Total,33477,1189,2,11,4,9182,23089
5,Antioquia,5051,Arboletes,2030,Cabecera Municipal,13351,183,1,11,3,4439,8714
5,Antioquia,5051,Arboletes,2030,Centros Poblados y Rural Disperso,20336,1013,1,0,1,4801,14520
5,Antioquia,5051,Arboletes,2030,Total,33687,1196,2,11,4,9240,23234
5,Antioquia,5051,Arboletes,2031,Cabecera Municipal,13436,184,1,11,3,4467,8770
5,Antioquia,5051,Arboletes,2031,Centros Poblados y Rural Disperso,20505,1021,1,0,1,4841,14641
5,Antioquia,5051,Arboletes,2031,Total,33941,1205,2,11,4,9308,23411
5,Antioquia,5051,Arboletes,2032,Cabecera Municipal,13518,185,1,11,3,4494,8824
5,Antioquia,5051,Arboletes,2032,Centros Poblados y Rural Disperso,20652,1029,1,0,1,4876,14745
5,Antioquia,5051,Arboletes,2032,Total,34170,1214,2,11,4,9370,23569
5,Antioquia,5051,Arboletes,2033,Cabecera Municipal,13576,186,1,11,3,4514,8861
5,Antioquia,5051,Arboletes,2033,Centros Poblados y Rural Disperso,20784,1035,1,0,1,4907,14840
5,Antioquia,5051,Arboletes,2033,Total,34360,1221,2,11,4,9421,23701
5,Antioquia,5051,Arboletes,2034,Cabecera Municipal,13643,187,1,11,3,4536,8905
5,Antioquia,5051,Arboletes,2034,Centros Poblados y Rural Disperso,20922,1042,1,0,1,4939,14939
5,Antioquia,5051,Arboletes,2034,Total,34565,1229,2,11,4,9475,23844
5,Antioquia,5051,Arboletes,2035,Cabecera Municipal,13714,188,1,11,3,4559,8952
5,Antioquia,5051,Arboletes,2035,Centros Poblados y Rural Disperso,21081,1050,1,0,1,4977,15052
5,Antioquia,5051,Arboletes,2035,Total,34795,1238,2,11,4,9536,24004
5,Antioquia,5055,Argelia,2018,Cabecera Municipal,3412,2,0,0,0,54,3356
5,Antioquia,5055,Argelia,2018,Centros Poblados y Rural Disperso,4277,0,0,0,0,11,4266
5,Antioquia,5055,Argelia,2018,Total,7689,2,0,0,0,65,7622
5,Antioquia,5055,Argelia,2019,Cabecera Municipal,3553,2,0,0,0,57,3494
5,Antioquia,5055,Argelia,2019,Centros Poblados y Rural Disperso,4206,0,0,0,0,11,4195
5,Antioquia,5055,Argelia,2019,Total,7759,2,0,0,0,68,7689
5,Antioquia,5055,Argelia,2020,Cabecera Municipal,3681,2,0,0,0,59,3620
5,Antioquia,5055,Argelia,2020,Centros Poblados y Rural Disperso,4147,0,0,0,0,11,4136
5,Antioquia,5055,Argelia,2020,Total,7828,2,0,0,0,70,7756
5,Antioquia,5055,Argelia,2021,Cabecera Municipal,3795,3,0,0,0,61,3731
5,Antioquia,5055,Argelia,2021,Centros Poblados y Rural Disperso,4036,0,0,0,0,11,4025
5,Antioquia,5055,Argelia,2021,Total,7831,3,0,0,0,72,7756
5,Antioquia,5055,Argelia,2022,Cabecera Municipal,3896,3,0,0,0,62,3831
5,Antioquia,5055,Argelia,2022,Centros Poblados y Rural Disperso,4007,0,0,0,0,11,3996
5,Antioquia,5055,Argelia,2022,Total,7903,3,0,0,0,73,7827
5,Antioquia,5055,Argelia,2023,Cabecera Municipal,3996,3,0,0,0,64,3929
5,Antioquia,5055,Argelia,2023,Centros Poblados y Rural Disperso,3979,0,0,0,0,11,3968
5,Antioquia,5055,Argelia,2023,Total,7975,3,0,0,0,75,7897
5,Antioquia,5055,Argelia,2024,Cabecera Municipal,4056,3,0,0,0,65,3988
5,Antioquia,5055,Argelia,2024,Centros Poblados y Rural Disperso,3968,0,0,0,0,11,3957
5,Antioquia,5055,Argelia,2024,Total,8024,3,0,0,0,76,7945
5,Antioquia,5055,Argelia,2025,Cabecera Municipal,4119,3,0,0,0,66,4050
5,Antioquia,5055,Argelia,2025,Centros Poblados y Rural Disperso,3956,0,0,0,0,11,3945
5,Antioquia,5055,Argelia,2025,Total,8075,3,0,0,0,77,7995
5,Antioquia,5055,Argelia,2026,Cabecera Municipal,4161,3,0,0,0,66,4092
5,Antioquia,5055,Argelia,2026,Centros Poblados y Rural Disperso,3971,0,0,0,0,11,3960
5,Antioquia,5055,Argelia,2026,Total,8132,3,0,0,0,77,8052
5,Antioquia,5055,Argelia,2027,Cabecera Municipal,4208,3,0,0,0,67,4138
5,Antioquia,5055,Argelia,2027,Centros Poblados y Rural Disperso,3973,0,0,0,0,11,3962
5,Antioquia,5055,Argelia,2027,Total,8181,3,0,0,0,78,8100
5,Antioquia,5055,Argelia,2028,Cabecera Municipal,4229,3,0,0,0,67,4159
5,Antioquia,5055,Argelia,2028,Centros Poblados y Rural Disperso,3981,0,0,0,0,11,3970
5,Antioquia,5055,Argelia,2028,Total,8210,3,0,0,0,78,8129
5,Antioquia,5055,Argelia,2029,Cabecera Municipal,4265,3,0,0,0,68,4194
5,Antioquia,5055,Argelia,2029,Centros Poblados y Rural Disperso,3999,0,0,0,0,11,3988
5,Antioquia,5055,Argelia,2029,Total,8264,3,0,0,0,79,8182
5,Antioquia,5055,Argelia,2030,Cabecera Municipal,4289,3,0,0,0,68,4218
5,Antioquia,5055,Argelia,2030,Centros Poblados y Rural Disperso,3999,0,0,0,0,11,3988
5,Antioquia,5055,Argelia,2030,Total,8288,3,0,0,0,79,8206
5,Antioquia,5055,Argelia,2031,Cabecera Municipal,4306,3,0,0,0,69,4234
5,Antioquia,5055,Argelia,2031,Centros Poblados y Rural Disperso,4021,0,0,0,0,11,4010
5,Antioquia,5055,Argelia,2031,Total,8327,3,0,0,0,80,8244
5,Antioquia,5055,Argelia,2032,Cabecera Municipal,4330,3,0,0,0,69,4258
5,Antioquia,5055,Argelia,2032,Centros Poblados y Rural Disperso,4046,0,0,0,0,11,4035
5,Antioquia,5055,Argelia,2032,Total,8376,3,0,0,0,80,8293
5,Antioquia,5055,Argelia,2033,Cabecera Municipal,4340,3,0,0,0,69,4268
5,Antioquia,5055,Argelia,2033,Centros Poblados y Rural Disperso,4060,0,0,0,0,11,4049
5,Antioquia,5055,Argelia,2033,Total,8400,3,0,0,0,80,8317
5,Antioquia,5055,Argelia,2034,Cabecera Municipal,4339,3,0,0,0,69,4267
5,Antioquia,5055,Argelia,2034,Centros Poblados y Rural Disperso,4099,0,0,0,0,11,4088
5,Antioquia,5055,Argelia,2034,Total,8438,3,0,0,0,80,8355
5,Antioquia,5055,Argelia,2035,Cabecera Municipal,4364,3,0,0,0,70,4291
5,Antioquia,5055,Argelia,2035,Centros Poblados y Rural Disperso,4091,0,0,0,0,11,4080
5,Antioquia,5055,Argelia,2035,Total,8455,3,0,0,0,81,8371
5,Antioquia,5059,Armenia,2018,Cabecera Municipal,1716,0,0,0,0,6,1710
5,Antioquia,5059,Armenia,2018,Centros Poblados y Rural Disperso,3423,4,0,0,0,3,3416
5,Antioquia,5059,Armenia,2018,Total,5139,4,0,0,0,9,5126
5,Antioquia,5059,Armenia,2019,Cabecera Municipal,1787,0,0,0,0,7,1780
5,Antioquia,5059,Armenia,2019,Centros Poblados y Rural Disperso,3425,4,0,0,0,3,3418
5,Antioquia,5059,Armenia,2019,Total,5212,4,0,0,0,10,5198
5,Antioquia,5059,Armenia,2020,Cabecera Municipal,1829,0,0,0,0,7,1822
5,Antioquia,5059,Armenia,2020,Centros Poblados y Rural Disperso,3412,4,0,0,0,3,3405
5,Antioquia,5059,Armenia,2020,Total,5241,4,0,0,0,10,5227
5,Antioquia,5059,Armenia,2021,Cabecera Municipal,1929,0,0,0,0,7,1922
5,Antioquia,5059,Armenia,2021,Centros Poblados y Rural Disperso,3342,4,0,0,0,3,3335
5,Antioquia,5059,Armenia,2021,Total,5271,4,0,0,0,10,5257
5,Antioquia,5059,Armenia,2022,Cabecera Municipal,2010,0,0,0,0,7,2003
5,Antioquia,5059,Armenia,2022,Centros Poblados y Rural Disperso,3304,4,0,0,0,3,3297
5,Antioquia,5059,Armenia,2022,Total,5314,4,0,0,0,10,5300
5,Antioquia,5059,Armenia,2023,Cabecera Municipal,2078,0,0,0,0,8,2070
5,Antioquia,5059,Armenia,2023,Centros Poblados y Rural Disperso,3280,4,0,0,0,3,3273
5,Antioquia,5059,Armenia,2023,Total,5358,4,0,0,0,11,5343
5,Antioquia,5059,Armenia,2024,Cabecera Municipal,2126,0,0,0,0,8,2118
5,Antioquia,5059,Armenia,2024,Centros Poblados y Rural Disperso,3278,4,0,0,0,3,3271
5,Antioquia,5059,Armenia,2024,Total,5404,4,0,0,0,11,5389
5,Antioquia,5059,Armenia,2025,Cabecera Municipal,2146,0,0,0,0,8,2138
5,Antioquia,5059,Armenia,2025,Centros Poblados y Rural Disperso,3304,4,0,0,0,3,3297
5,Antioquia,5059,Armenia,2025,Total,5450,4,0,0,0,11,5435
5,Antioquia,5059,Armenia,2026,Cabecera Municipal,2177,0,0,0,0,8,2169
5,Antioquia,5059,Armenia,2026,Centros Poblados y Rural Disperso,3294,4,0,0,0,3,3287
5,Antioquia,5059,Armenia,2026,Total,5471,4,0,0,0,11,5456
5,Antioquia,5059,Armenia,2027,Cabecera Municipal,2213,0,0,0,0,8,2205
5,Antioquia,5059,Armenia,2027,Centros Poblados y Rural Disperso,3300,4,0,0,0,3,3293
5,Antioquia,5059,Armenia,2027,Total,5513,4,0,0,0,11,5498
5,Antioquia,5059,Armenia,2028,Cabecera Municipal,2228,0,0,0,0,8,2220
5,Antioquia,5059,Armenia,2028,Centros Poblados y Rural Disperso,3307,4,0,0,0,3,3300
5,Antioquia,5059,Armenia,2028,Total,5535,4,0,0,0,11,5520
5,Antioquia,5059,Armenia,2029,Cabecera Municipal,2239,0,0,0,0,8,2231
5,Antioquia,5059,Armenia,2029,Centros Poblados y Rural Disperso,3321,4,0,0,0,3,3314
5,Antioquia,5059,Armenia,2029,Total,5560,4,0,0,0,11,5545
5,Antioquia,5059,Armenia,2030,Cabecera Municipal,2260,0,0,0,0,8,2252
5,Antioquia,5059,Armenia,2030,Centros Poblados y Rural Disperso,3335,4,0,0,0,3,3328
5,Antioquia,5059,Armenia,2030,Total,5595,4,0,0,0,11,5580
5,Antioquia,5059,Armenia,2031,Cabecera Municipal,2257,0,0,0,0,8,2249
5,Antioquia,5059,Armenia,2031,Centros Poblados y Rural Disperso,3362,4,0,0,0,3,3355
5,Antioquia,5059,Armenia,2031,Total,5619,4,0,0,0,11,5604
5,Antioquia,5059,Armenia,2032,Cabecera Municipal,2264,0,0,0,0,8,2256
5,Antioquia,5059,Armenia,2032,Centros Poblados y Rural Disperso,3369,4,0,0,0,3,3362
5,Antioquia,5059,Armenia,2032,Total,5633,4,0,0,0,11,5618
5,Antioquia,5059,Armenia,2033,Cabecera Municipal,2280,0,0,0,0,8,2272
5,Antioquia,5059,Armenia,2033,Centros Poblados y Rural Disperso,3396,4,0,0,0,3,3389
5,Antioquia,5059,Armenia,2033,Total,5676,4,0,0,0,11,5661
5,Antioquia,5059,Armenia,2034,Cabecera Municipal,2290,0,0,0,0,8,2282
5,Antioquia,5059,Armenia,2034,Centros Poblados y Rural Disperso,3386,4,0,0,0,3,3379
5,Antioquia,5059,Armenia,2034,Total,5676,4,0,0,0,11,5661
5,Antioquia,5059,Armenia,2035,Cabecera Municipal,2280,0,0,0,0,8,2272
5,Antioquia,5059,Armenia,2035,Centros Poblados y Rural Disperso,3418,4,0,0,0,3,3411
5,Antioquia,5059,Armenia,2035,Total,5698,4,0,0,0,11,5683
5,Antioquia,5079,Barbosa,2018,Cabecera Municipal,22174,7,0,0,0,159,22008
5,Antioquia,5079,Barbosa,2018,Centros Poblados y Rural Disperso,29795,17,1,0,0,98,29679
5,Antioquia,5079,Barbosa,2018,Total,51969,24,1,0,0,257,51687
5,Antioquia,5079,Barbosa,2019,Cabecera Municipal,22991,8,0,0,0,165,22818
5,Antioquia,5079,Barbosa,2019,Centros Poblados y Rural Disperso,30035,17,1,0,0,99,29918
5,Antioquia,5079,Barbosa,2019,Total,53026,25,1,0,0,264,52736
5,Antioquia,5079,Barbosa,2020,Cabecera Municipal,23771,8,0,0,0,171,23592
5,Antioquia,5079,Barbosa,2020,Centros Poblados y Rural Disperso,30225,17,1,0,0,99,30108
5,Antioquia,5079,Barbosa,2020,Total,53996,25,1,0,0,270,53700
5,Antioquia,5079,Barbosa,2021,Cabecera Municipal,24868,8,0,0,0,179,24681
5,Antioquia,5079,Barbosa,2021,Centros Poblados y Rural Disperso,29771,17,1,0,0,98,29655
5,Antioquia,5079,Barbosa,2021,Total,54639,25,1,0,0,277,54336
5,Antioquia,5079,Barbosa,2022,Cabecera Municipal,25639,8,0,0,0,184,25447
5,Antioquia,5079,Barbosa,2022,Centros Poblados y Rural Disperso,29498,17,1,0,0,97,29383
5,Antioquia,5079,Barbosa,2022,Total,55137,25,1,0,0,281,54830
5,Antioquia,5079,Barbosa,2023,Cabecera Municipal,26343,9,0,0,0,189,26145
5,Antioquia,5079,Barbosa,2023,Centros Poblados y Rural Disperso,29306,16,1,0,0,96,29193
5,Antioquia,5079,Barbosa,2023,Total,55649,25,1,0,0,285,55338
5,Antioquia,5079,Barbosa,2024,Cabecera Municipal,26808,9,0,0,0,193,26606
5,Antioquia,5079,Barbosa,2024,Centros Poblados y Rural Disperso,29295,16,1,0,0,96,29182
5,Antioquia,5079,Barbosa,2024,Total,56103,25,1,0,0,289,55788
5,Antioquia,5079,Barbosa,2025,Cabecera Municipal,27216,9,0,0,0,196,27011
5,Antioquia,5079,Barbosa,2025,Centros Poblados y Rural Disperso,29289,16,1,0,0,96,29176
5,Antioquia,5079,Barbosa,2025,Total,56505,25,1,0,0,292,56187
5,Antioquia,5079,Barbosa,2026,Cabecera Municipal,27547,9,0,0,0,198,27340
5,Antioquia,5079,Barbosa,2026,Centros Poblados y Rural Disperso,29319,16,1,0,0,96,29206
5,Antioquia,5079,Barbosa,2026,Total,56866,25,1,0,0,294,56546
5,Antioquia,5079,Barbosa,2027,Cabecera Municipal,27825,9,0,0,0,200,27616
5,Antioquia,5079,Barbosa,2027,Centros Poblados y Rural Disperso,29353,17,1,0,0,97,29238
5,Antioquia,5079,Barbosa,2027,Total,57178,26,1,0,0,297,56854
5,Antioquia,5079,Barbosa,2028,Cabecera Municipal,28063,9,0,0,0,202,27852
5,Antioquia,5079,Barbosa,2028,Centros Poblados y Rural Disperso,29421,17,1,0,0,97,29306
5,Antioquia,5079,Barbosa,2028,Total,57484,26,1,0,0,299,57158
5,Antioquia,5079,Barbosa,2029,Cabecera Municipal,28234,9,0,0,0,203,28022
5,Antioquia,5079,Barbosa,2029,Centros Poblados y Rural Disperso,29529,17,1,0,0,97,29414
5,Antioquia,5079,Barbosa,2029,Total,57763,26,1,0,0,300,57436
5,Antioquia,5079,Barbosa,2030,Cabecera Municipal,28379,9,0,0,0,204,28166
5,Antioquia,5079,Barbosa,2030,Centros Poblados y Rural Disperso,29671,17,1,0,0,98,29555
5,Antioquia,5079,Barbosa,2030,Total,58050,26,1,0,0,302,57721
5,Antioquia,5079,Barbosa,2031,Cabecera Municipal,28499,9,0,0,0,205,28285
5,Antioquia,5079,Barbosa,2031,Centros Poblados y Rural Disperso,29822,17,1,0,0,98,29706
5,Antioquia,5079,Barbosa,2031,Total,58321,26,1,0,0,303,57991
5,Antioquia,5079,Barbosa,2032,Cabecera Municipal,28599,9,0,0,0,206,28384
5,Antioquia,5079,Barbosa,2032,Centros Poblados y Rural Disperso,29976,17,1,0,0,99,29859
5,Antioquia,5079,Barbosa,2032,Total,58575,26,1,0,0,305,58243
5,Antioquia,5079,Barbosa,2033,Cabecera Municipal,28699,9,0,0,0,206,28484
5,Antioquia,5079,Barbosa,2033,Centros Poblados y Rural Disperso,30119,17,1,0,0,99,30002
5,Antioquia,5079,Barbosa,2033,Total,58818,26,1,0,0,305,58486
5,Antioquia,5079,Barbosa,2034,Cabecera Municipal,28774,9,0,0,0,207,28558
5,Antioquia,5079,Barbosa,2034,Centros Poblados y Rural Disperso,30271,17,1,0,0,100,30153
5,Antioquia,5079,Barbosa,2034,Total,59045,26,1,0,0,307,58711
5,Antioquia,5079,Barbosa,2035,Cabecera Municipal,28865,9,0,0,0,208,28648
5,Antioquia,5079,Barbosa,2035,Centros Poblados y Rural Disperso,30414,17,1,0,0,100,30296
5,Antioquia,5079,Barbosa,2035,Total,59279,26,1,0,0,308,58944
5,Antioquia,5086,Belmira,2018,Cabecera Municipal,1623,0,0,0,0,171,1452
5,Antioquia,5086,Belmira,2018,Centros Poblados y Rural Disperso,4377,1,0,0,0,2262,2114
5,Antioquia,5086,Belmira,2018,Total,6000,1,0,0,0,2433,3566
5,Antioquia,5086,Belmira,2019,Cabecera Municipal,1652,0,0,0,0,174,1478
5,Antioquia,5086,Belmira,2019,Centros Poblados y Rural Disperso,4434,1,0,0,0,2291,2142
5,Antioquia,5086,Belmira,2019,Total,6086,1,0,0,0,2465,3620
5,Antioquia,5086,Belmira,2020,Cabecera Municipal,1697,0,0,0,0,179,1518
5,Antioquia,5086,Belmira,2020,Centros Poblados y Rural Disperso,4469,1,0,0,0,2309,2159
5,Antioquia,5086,Belmira,2020,Total,6166,1,0,0,0,2488,3677
5,Antioquia,5086,Belmira,2021,Cabecera Municipal,1843,0,0,0,0,194,1649
5,Antioquia,5086,Belmira,2021,Centros Poblados y Rural Disperso,4392,1,0,0,0,2269,2122
5,Antioquia,5086,Belmira,2021,Total,6235,1,0,0,0,2463,3771
5,Antioquia,5086,Belmira,2022,Cabecera Municipal,1941,0,0,0,0,205,1736
5,Antioquia,5086,Belmira,2022,Centros Poblados y Rural Disperso,4353,1,0,0,0,2249,2103
5,Antioquia,5086,Belmira,2022,Total,6294,1,0,0,0,2454,3839
5,Antioquia,5086,Belmira,2023,Cabecera Municipal,2032,0,0,0,0,214,1818
5,Antioquia,5086,Belmira,2023,Centros Poblados y Rural Disperso,4324,1,0,0,0,2234,2089
5,Antioquia,5086,Belmira,2023,Total,6356,1,0,0,0,2448,3907
5,Antioquia,5086,Belmira,2024,Cabecera Municipal,2066,0,0,0,0,218,1848
5,Antioquia,5086,Belmira,2024,Centros Poblados y Rural Disperso,4339,1,0,0,0,2242,2096
5,Antioquia,5086,Belmira,2024,Total,6405,1,0,0,0,2460,3944
5,Antioquia,5086,Belmira,2025,Cabecera Municipal,2090,0,0,0,0,221,1869
5,Antioquia,5086,Belmira,2025,Centros Poblados y Rural Disperso,4346,1,0,0,0,2246,2099
5,Antioquia,5086,Belmira,2025,Total,6436,1,0,0,0,2467,3968
5,Antioquia,5086,Belmira,2026,Cabecera Municipal,2132,0,0,0,0,225,1907
5,Antioquia,5086,Belmira,2026,Centros Poblados y Rural Disperso,4347,1,0,0,0,2246,2100
5,Antioquia,5086,Belmira,2026,Total,6479,1,0,0,0,2471,4007
5,Antioquia,5086,Belmira,2027,Cabecera Municipal,2152,0,0,0,0,227,1925
5,Antioquia,5086,Belmira,2027,Centros Poblados y Rural Disperso,4367,1,0,0,0,2257,2109
5,Antioquia,5086,Belmira,2027,Total,6519,1,0,0,0,2484,4034
5,Antioquia,5086,Belmira,2028,Cabecera Municipal,2169,0,0,0,0,229,1940
5,Antioquia,5086,Belmira,2028,Centros Poblados y Rural Disperso,4389,1,0,0,0,2268,2120
5,Antioquia,5086,Belmira,2028,Total,6558,1,0,0,0,2497,4060
5,Antioquia,5086,Belmira,2029,Cabecera Municipal,2186,0,0,0,0,231,1955
5,Antioquia,5086,Belmira,2029,Centros Poblados y Rural Disperso,4389,1,0,0,0,2268,2120
5,Antioquia,5086,Belmira,2029,Total,6575,1,0,0,0,2499,4075
5,Antioquia,5086,Belmira,2030,Cabecera Municipal,2193,0,0,0,0,231,1962
5,Antioquia,5086,Belmira,2030,Centros Poblados y Rural Disperso,4417,1,0,0,0,2282,2134
5,Antioquia,5086,Belmira,2030,Total,6610,1,0,0,0,2513,4096
5,Antioquia,5086,Belmira,2031,Cabecera Municipal,2210,0,0,0,0,233,1977
5,Antioquia,5086,Belmira,2031,Centros Poblados y Rural Disperso,4436,1,0,0,0,2292,2143
5,Antioquia,5086,Belmira,2031,Total,6646,1,0,0,0,2525,4120
5,Antioquia,5086,Belmira,2032,Cabecera Municipal,2230,0,0,0,0,235,1995
5,Antioquia,5086,Belmira,2032,Centros Poblados y Rural Disperso,4455,1,0,0,0,2302,2152
5,Antioquia,5086,Belmira,2032,Total,6685,1,0,0,0,2537,4147
5,Antioquia,5086,Belmira,2033,Cabecera Municipal,2211,0,0,0,0,233,1978
5,Antioquia,5086,Belmira,2033,Centros Poblados y Rural Disperso,4489,1,0,0,0,2320,2168
5,Antioquia,5086,Belmira,2033,Total,6700,1,0,0,0,2553,4146
5,Antioquia,5086,Belmira,2034,Cabecera Municipal,2231,0,0,0,0,235,1996
5,Antioquia,5086,Belmira,2034,Centros Poblados y Rural Disperso,4503,1,0,0,0,2327,2175
5,Antioquia,5086,Belmira,2034,Total,6734,1,0,0,0,2562,4171
5,Antioquia,5086,Belmira,2035,Cabecera Municipal,2234,0,0,0,0,236,1998
5,Antioquia,5086,Belmira,2035,Centros Poblados y Rural Disperso,4529,1,0,0,0,2340,2188
5,Antioquia,5086,Belmira,2035,Total,6763,1,0,0,0,2576,4186
5,Antioquia,5088,Bello,2018,Cabecera Municipal,495483,313,9,60,19,8956,486126
5,Antioquia,5088,Bello,2018,Centros Poblados y Rural Disperso,26781,21,1,4,0,1364,25391
5,Antioquia,5088,Bello,2018,Total,522264,334,10,64,19,10320,511517
5,Antioquia,5088,Bello,2019,Cabecera Municipal,512442,323,9,62,19,9263,502766
5,Antioquia,5088,Bello,2019,Centros Poblados y Rural Disperso,21521,17,1,3,0,1096,20404
5,Antioquia,5088,Bello,2019,Total,533963,340,10,65,19,10359,523170
5,Antioquia,5088,Bello,2020,Cabecera Municipal,529036,334,9,64,20,9563,519046
5,Antioquia,5088,Bello,2020,Centros Poblados y Rural Disperso,15513,12,1,2,0,790,14708
5,Antioquia,5088,Bello,2020,Total,544549,346,10,66,20,10353,533754
5,Antioquia,5088,Bello,2021,Cabecera Municipal,536766,339,9,65,20,9702,526631
5,Antioquia,5088,Bello,2021,Centros Poblados y Rural Disperso,15307,12,1,2,0,779,14513
5,Antioquia,5088,Bello,2021,Total,552073,351,10,67,20,10481,541144
5,Antioquia,5088,Bello,2022,Cabecera Municipal,541917,342,10,66,20,9795,531684
5,Antioquia,5088,Bello,2022,Centros Poblados y Rural Disperso,15154,12,1,2,0,772,14367
5,Antioquia,5088,Bello,2022,Total,557071,354,11,68,20,10567,546051
5,Antioquia,5088,Bello,2023,Cabecera Municipal,546902,345,10,66,20,9886,536575
5,Antioquia,5088,Bello,2023,Centros Poblados y Rural Disperso,15053,12,1,2,0,766,14272
5,Antioquia,5088,Bello,2023,Total,561955,357,11,68,20,10652,550847
5,Antioquia,5088,Bello,2024,Cabecera Municipal,551525,348,10,67,21,9969,541110
5,Antioquia,5088,Bello,2024,Centros Poblados y Rural Disperso,14931,12,1,2,0,760,14156
5,Antioquia,5088,Bello,2024,Total,566456,360,11,69,21,10729,555266
5,Antioquia,5088,Bello,2025,Cabecera Municipal,555509,351,10,67,21,10041,545019
5,Antioquia,5088,Bello,2025,Centros Poblados y Rural Disperso,14820,11,1,2,0,755,14051
5,Antioquia,5088,Bello,2025,Total,570329,362,11,69,21,10796,559070
5,Antioquia,5088,Bello,2026,Cabecera Municipal,559020,353,10,68,21,10105,548463
5,Antioquia,5088,Bello,2026,Centros Poblados y Rural Disperso,14749,11,1,2,0,751,13984
5,Antioquia,5088,Bello,2026,Total,573769,364,11,70,21,10856,562447
5,Antioquia,5088,Bello,2027,Cabecera Municipal,562182,355,10,68,21,10162,551566
5,Antioquia,5088,Bello,2027,Centros Poblados y Rural Disperso,14707,11,1,2,0,749,13944
5,Antioquia,5088,Bello,2027,Total,576889,366,11,70,21,10911,565510
5,Antioquia,5088,Bello,2028,Cabecera Municipal,565149,357,10,68,21,10215,554478
5,Antioquia,5088,Bello,2028,Centros Poblados y Rural Disperso,14688,11,1,2,0,748,13926
5,Antioquia,5088,Bello,2028,Total,579837,368,11,70,21,10963,568404
5,Antioquia,5088,Bello,2029,Cabecera Municipal,567955,358,10,69,21,10266,557231
5,Antioquia,5088,Bello,2029,Centros Poblados y Rural Disperso,14714,11,1,2,0,749,13951
5,Antioquia,5088,Bello,2029,Total,582669,369,11,71,21,11015,571182
5,Antioquia,5088,Bello,2030,Cabecera Municipal,570593,360,10,69,21,10314,559819
